"Product Group","Status","Compliance","VZ Typ (V)","P Max (W)","Package Size (mm)","Package Type","MSL Type","MSL Temp (°C)","Reference Price",
"1N4743A","Active","H Pb   ","13, ","1, ","4.63 x 2.37 x 2.37, ","Axial Lead / DO-41 ","NA ","0 ","0.032 ",
"1N4742A","Active","H Pb   ","12, ","1, ","4.63 x 2.37 x 2.37, ","Axial Lead / DO-41 ","NA ","0 ","0.032 ",
"1N4745A","Active","H Pb   ","16, ","1, ","4.63 x 2.37 x 2.37, ","Axial Lead / DO-41 ","NA ","0 ","0.032 ",
"1N4746A","Active","H Pb   ","18, ","1, ","4.63 x 2.37 x 2.37, ","Axial Lead / DO-41 ","NA ","0 ","0.032 ",
"1N4744A","Active","H Pb   ","15, ","1, ","4.63 x 2.37 x 2.37, ","Axial Lead / DO-41 ","NA ","0 ","0.032 ",
"1N4738A-T50A","Active","H Pb   ","8.2, ","1, ","4.63 x 2.37 x 2.37, ","Axial Lead / DO-41 ","NA ","0 ","0.032 ",
"1N4736ATR","Active","H Pb   ","6.8, ","1, ","4.63 x 2.37 x 2.37, ","Axial Lead / DO-41 ","NA ","0 ","0.032 ",
"1N4748A","Active","H Pb   ","22, ","1, ","4.63 x 2.37 x 2.37, ","Axial Lead / DO-41 ","NA ","0 ","0.032 ",
"1N4748ATR","Active","H Pb   ","22, ","1, ","4.63 x 2.37 x 2.37, ","Axial Lead / DO-41 ","NA ","0 ","0.032 ",
"1N4747A","Active","H Pb   ","20, ","1, ","4.63 x 2.37 x 2.37, ","Axial Lead / DO-41 ","NA ","0 ","0.032 ",
"1N4749A","Active","H Pb   ","24, ","1, ","4.63 x 2.37 x 2.37, ","Axial Lead / DO-41 ","NA ","0 ","0.032 ",
"1N4747A-T50A","Active","H Pb   ","20, ","1, ","4.63 x 2.37 x 2.37, ","Axial Lead / DO-41 ","NA ","0 ","0.032 ",
"1N4754A-T50A","Active","H Pb   ","39, ","1, ","4.63 x 2.37 x 2.37, ","Axial Lead / DO-41 ","NA ","0 ","0.032 ",
"1N4744ATR","Active","H Pb   ","15, ","1, ","4.63 x 2.37 x 2.37, ","Axial Lead / DO-41 ","NA ","0 ","0.032 ",
"1N4732ATR","Active","H Pb   ","4.7, ","1, ","4.63 x 2.37 x 2.37, ","Axial Lead / DO-41 ","NA ","0 ","0.032 ",
"1N4752ATR","Active","H Pb   ","33, ","1, ","4.63 x 2.37 x 2.37, ","Axial Lead / DO-41 ","NA ","0 ","0.032 ",
"1N4740ATR","Active","H Pb   ","10, ","1, ","4.63 x 2.37 x 2.37, ","Axial Lead / DO-41 ","NA ","0 ","0.032 ",
"1N4751A-T50A","Active","H Pb   ","30, ","1, ","4.63 x 2.37 x 2.37, ","Axial Lead / DO-41 ","NA ","0 ","0.032 ",
"1N4751A","Active","H Pb   ","30, ","1, ","4.63 x 2.37 x 2.37, ","Axial Lead / DO-41 ","NA ","0 ","0.032 ",
"1N4733A-T50A","Active","H Pb   ","5.1, ","1, ","4.63 x 2.37 x 2.37, ","Axial Lead / DO-41 ","NA ","0 ","0.032 ",
"1N4736A-T50A","Active","H Pb   ","6.8, ","1, ","4.63 x 2.37 x 2.37, ","Axial Lead / DO-41 ","NA ","0 ","0.032 ",
"1N4750A","Active","H Pb   ","27, ","1, ","4.63 x 2.37 x 2.37, ","Axial Lead / DO-41 ","NA ","0 ","0.032 ",
"1N4735A-T50A","Active","H Pb   ","6.2, ","1, ","4.63 x 2.37 x 2.37, ","Axial Lead / DO-41 ","NA ","0 ","0.032 ",
"1N4753A","Active","H Pb   ","36, ","1, ","4.63 x 2.37 x 2.37, ","Axial Lead / DO-41 ","NA ","0 ","0.032 ",
"1N4739ATR","Active","H Pb   ","9.1, ","1, ","4.63 x 2.37 x 2.37, ","Axial Lead / DO-41 ","NA ","0 ","0.032 ",
"1N4752A","Active","H Pb   ","33, ","1, ","4.63 x 2.37 x 2.37, ","Axial Lead / DO-41 ","NA ","0 ","0.032 ",
"1N4755A","Active","H Pb   ","43, ","1, ","4.63 x 2.37 x 2.37, ","Axial Lead / DO-41 ","NA ","0 ","0.032 ",
"1N4754A","Active","H Pb   ","39, ","1, ","4.63 x 2.37 x 2.37, ","Axial Lead / DO-41 ","NA ","0 ","0.032 ",
"1N4758A","Active","H Pb   ","56, ","1, ","4.63 x 2.37 x 2.37, ","Axial Lead / DO-41 ","NA ","0 ","0.032 ",
"1N4756A","Active","H Pb   ","47, ","1, ","4.63 x 2.37 x 2.37, ","Axial Lead / DO-41 ","NA ","0 ","0.032 ",
"1N4735ATR","Active","H Pb   ","6.2, ","1, ","4.63 x 2.37 x 2.37, ","Axial Lead / DO-41 ","NA ","0 ","0.032 ",
"1N4757A","Active","H Pb   ","51, ","1, ","4.63 x 2.37 x 2.37, ","Axial Lead / DO-41 ","NA ","0 ","0.032 ",
"1N4747ATR","Active","H Pb   ","20, ","1, ","4.63 x 2.37 x 2.37, ","Axial Lead / DO-41 ","NA ","0 ","0.032 ",
"1N4752A-T50A","Active","H Pb   ","33, ","1, ","4.63 x 2.37 x 2.37, ","Axial Lead / DO-41 ","NA ","0 ","0.032 ",
"1N4743ATR","Active","H Pb   ","13, ","1, ","4.63 x 2.37 x 2.37, ","Axial Lead / DO-41 ","NA ","0 ","0.032 ",
"1N4758A-T50A","Active","H Pb   ","56, ","1, ","4.63 x 2.37 x 2.37, ","Axial Lead / DO-41 ","NA ","0 ","0.032 ",
"1N4738ATR","Active","H Pb   ","8.2, ","1, ","4.63 x 2.37 x 2.37, ","Axial Lead / DO-41 ","NA ","0 ","0.032 ",
"1N4728A-T50A","Active","H Pb   ","3.3, ","1, ","4.63 x 2.37 x 2.37, ","Axial Lead / DO-41 ","NA ","0 ","0.032 ",
"1N4751ATR","Active","H Pb   ","30, ","1, ","4.63 x 2.37 x 2.37, ","Axial Lead / DO-41 ","NA ","0 ","0.032 ",
"1N4746ATR","Active","H Pb   ","18, ","1, ","4.63 x 2.37 x 2.37, ","Axial Lead / DO-41 ","NA ","0 ","0.032 ",
"1N4750A-T50A","Active","H Pb   ","27, ","1, ","4.63 x 2.37 x 2.37, ","Axial Lead / DO-41 ","NA ","0 ","0.032 ",
"1N4746A-T50A","Active","H Pb   ","18, ","1, ","4.63 x 2.37 x 2.37, ","Axial Lead / DO-41 ","NA ","0 ","0.0293 ",
"1N4728A","Active","H Pb   ","3.3, ","1, ","4.63 x 2.37 x 2.37, ","Axial Lead / DO-41 ","NA ","0 ","0.032 ",
"1N4755A-T50A","Active","H Pb   ","43, ","1, ","4.63 x 2.37 x 2.37, ","Axial Lead / DO-41 ","NA ","0 ","0.032 ",
"1N4734ATR","Active","H Pb   ","5.6, ","1, ","4.63 x 2.37 x 2.37, ","Axial Lead / DO-41 ","NA ","0 ","0.032 ",
"1N4737A-T50A","Active","H Pb   ","7.5, ","1, ","4.63 x 2.37 x 2.37, ","Axial Lead / DO-41 ","NA ","0 ","0.0293 ",
"1N4732A-T50A","Active","H Pb   ","4.7, ","1, ","4.63 x 2.37 x 2.37, ","Axial Lead / DO-41 ","NA ","0 ","0.032 ",
"1N4742ATR","Active","H Pb   ","12, ","1, ","4.63 x 2.37 x 2.37, ","Axial Lead / DO-41 ","NA ","0 ","0.032 ",
"1N4753A-T50A","Active","H Pb   ","36, ","1, ","4.63 x 2.37 x 2.37, ","Axial Lead / DO-41 ","NA ","0 ","0.032 ",
"1N4749ATR","Active","H Pb   ","24, ","1, ","4.63 x 2.37 x 2.37, ","Axial Lead / DO-41 ","NA ","0 ","0.032 ",
"1N4737ATR","Active","H Pb   ","7.5, ","1, ","4.63 x 2.37 x 2.37, ","Axial Lead / DO-41 ","NA ","0 ","0.032 ",
"1N4739A-T50A","Active","H Pb   ","9.1, ","1, ","4.63 x 2.37 x 2.37, ","Axial Lead / DO-41 ","NA ","0 ","0.032 ",
"1N4750ATR","Active","H Pb   ","27, ","1, ","4.63 x 2.37 x 2.37, ","Axial Lead / DO-41 ","NA ","0 ","0.032 ",
"1N4733A","Active","H Pb   ","5.1, ","1, ","4.63 x 2.37 x 2.37, ","Axial Lead / DO-41 ","NA ","0 ","0.032 ",
"1N4749A-T50A","Active","H Pb   ","24, ","1, ","4.63 x 2.37 x 2.37, ","Axial Lead / DO-41 ","NA ","0 ","0.0293 ",
"1N4732A","Active","H Pb   ","4.7, ","1, ","4.63 x 2.37 x 2.37, ","Axial Lead / DO-41 ","NA ","0 ","0.032 ",
"1N4744A-T50A","Active","H Pb   ","15, ","1, ","4.63 x 2.37 x 2.37, ","Axial Lead / DO-41 ","NA ","0 ","0.032 ",
"1N4736A","Active","H Pb   ","6.8, ","1, ","4.63 x 2.37 x 2.37, ","Axial Lead / DO-41 ","NA ","0 ","0.032 ",
"1N4734A","Active","H Pb   ","5.6, ","1, ","4.63 x 2.37 x 2.37, ","Axial Lead / DO-41 ","NA ","0 ","0.032 ",
"1N4735A","Active","H Pb   ","6.2, ","1, ","4.63 x 2.37 x 2.37, ","Axial Lead / DO-41 ","NA ","0 ","0.032 ",
"1N4738A","Active","H Pb   ","8.2, ","1, ","4.63 x 2.37 x 2.37, ","Axial Lead / DO-41 ","NA ","0 ","0.032 ",
"1N4737A","Active","H Pb   ","7.5, ","1, ","4.63 x 2.37 x 2.37, ","Axial Lead / DO-41 ","NA ","0 ","0.032 ",
"1N4739A","Active","H Pb   ","9.1, ","1, ","4.63 x 2.37 x 2.37, ","Axial Lead / DO-41 ","NA ","0 ","0.032 ",
"1N4745ATR","Active","H Pb   ","16, ","1, ","4.63 x 2.37 x 2.37, ","Axial Lead / DO-41 ","NA ","0 ","0.032 ",
"1N4733ATR","Active","H Pb   ","5.1, ","1, ","4.63 x 2.37 x 2.37, ","Axial Lead / DO-41 ","NA ","0 ","0.032 ",
"1N4741ATR","Active","H Pb   ","11, ","1, ","4.63 x 2.37 x 2.37, ","Axial Lead / DO-41 ","NA ","0 ","0.032 ",
"1N4745A-T50A","Active","H Pb   ","16, ","1, ","4.63 x 2.37 x 2.37, ","Axial Lead / DO-41 ","NA ","0 ","0.032 ",
"1N4748A-T50A","Active","H Pb   ","22, ","1, ","4.63 x 2.37 x 2.37, ","Axial Lead / DO-41 ","NA ","0 ","0.0293 ",
"1N4742A-T50A","Active","H Pb   ","12, ","1, ","4.63 x 2.37 x 2.37, ","Axial Lead / DO-41 ","NA ","0 ","0.032 ",
"1N4743A-T50A","Active","H Pb   ","13, ","1, ","4.63 x 2.37 x 2.37, ","Axial Lead / DO-41 ","NA ","0 ","0.032 ",
"1N4741A","Active","H Pb   ","11, ","1, ","4.63 x 2.37 x 2.37, ","Axial Lead / DO-41 ","NA ","0 ","0.032 ",
"1N4741A-T50A","Active","H Pb   ","11, ","1, ","4.63 x 2.37 x 2.37, ","Axial Lead / DO-41 ","NA ","0 ","0.032 ",
"1N4728ATR","Active","H Pb   ","3.3, ","1, ","4.63 x 2.37 x 2.37, ","Axial Lead / DO-41 ","NA ","0 ","0.032 ",
"1N4740A","Active","H Pb   ","10, ","1, ","4.63 x 2.37 x 2.37, ","Axial Lead / DO-41 ","NA ","0 ","0.032 ",
"1N4740A-T50A","Active","H Pb   ","10, ","1, ","4.63 x 2.37 x 2.37, ","Axial Lead / DO-41 ","NA ","0 ","0.032 ",
"1N5246BTR","Active","H Pb   ","16, ","0.5, ","3.90 x 1.75 x 1.75, ","Axial Lead ","NA ","0 ","0.0165 ",
"1N5240B","Active","H Pb   ","10, ","0.5, ","3.90 x 1.75 x 1.75, ","Axial Lead ","NA ","0 ","0.0165 ",
"1N5234BTR","Active","H Pb   ","6.2, ","0.5, ","3.90 x 1.75 x 1.75, ","Axial Lead ","NA ","0 ","0.0165 ",
"1N5242B","Active","H Pb   ","12, ","0.5, ","3.90 x 1.75 x 1.75, ","Axial Lead ","NA ","0 ","0.0165 ",
"1N5241B","Active","H Pb   ","11, ","0.5, ","3.90 x 1.75 x 1.75, ","Axial Lead ","NA ","0 ","0.0165 ",
"1N5244B","Active","H Pb   ","14, ","0.5, ","3.90 x 1.75 x 1.75, ","Axial Lead ","NA ","0 ","0.0165 ",
"1N5243B","Active","H Pb   ","13, ","0.5, ","3.90 x 1.75 x 1.75, ","Axial Lead ","NA ","0 ","0.0165 ",
"1N5246B","Active","H Pb   ","16, ","0.5, ","3.90 x 1.75 x 1.75, ","Axial Lead ","NA ","0 ","0.0165 ",
"1N5242BTR","Active","H Pb   ","12, ","0.5, ","3.90 x 1.75 x 1.75, ","Axial Lead ","NA ","0 ","0.0165 ",
"1N5245B","Active","H Pb   ","15, ","0.5, ","3.90 x 1.75 x 1.75, ","Axial Lead ","NA ","0 ","0.0165 ",
"1N5248B","Active","H Pb   ","18, ","0.5, ","3.90 x 1.75 x 1.75, ","Axial Lead ","NA ","0 ","0.0165 ",
"1N5247B","Active","H Pb   ","17, ","0.5, ","3.90 x 1.75 x 1.75, ","Axial Lead ","NA ","0 ","0.0165 ",
"1N5229BTR","Active","H Pb   ","4.3, ","0.5, ","3.90 x 1.75 x 1.75, ","Axial Lead ","NA ","0 ","0.0165 ",
"1N5230BTR","Active","H Pb   ","4.7, ","0.5, ","3.90 x 1.75 x 1.75, ","Axial Lead ","NA ","0 ","0.0165 ",
"1N5237BTR","Active","H Pb   ","8.2, ","0.5, ","3.90 x 1.75 x 1.75, ","Axial Lead ","NA ","0 ","0.0165 ",
"1N5250BTR","Active","H Pb   ","20, ","0.5, ","3.90 x 1.75 x 1.75, ","Axial Lead ","NA ","0 ","0.0165 ",
"1N5249BTR","Active","H Pb   ","19, ","0.5, ","3.90 x 1.75 x 1.75, ","Axial Lead ","NA ","0 ","0.0227 ",
"1N5247BTR","Active","H Pb   ","17, ","0.5, ","3.90 x 1.75 x 1.75, ","Axial Lead ","NA ","0 ","0.0165 ",
"1N5235BTR","Active","H Pb   ","6.8, ","0.5, ","3.90 x 1.75 x 1.75, ","Axial Lead ","NA ","0 ","0.0165 ",
"1N5250B","Active","H Pb   ","20, ","0.5, ","3.90 x 1.75 x 1.75, ","Axial Lead ","NA ","0 ","0.0165 ",
"1N5234CTR","Active","H Pb   ","6.2, ","0.5, ","3.90 x 1.75 x 1.75, ","Axial Lead ","NA ","0 ","0.0165 ",
"1N5252B","Active","H Pb   ","24, ","0.5, ","3.90 x 1.75 x 1.75, ","Axial Lead ","NA ","0 ","0.0165 ",
"1N5251B","Active","H Pb   ","22, ","0.5, ","3.90 x 1.75 x 1.75, ","Axial Lead ","NA ","0 ","0.0165 ",
"1N5243BTR","Active","H Pb   ","13, ","0.5, ","3.90 x 1.75 x 1.75, ","Axial Lead ","NA ","0 ","0.0165 ",
"1N5231BTR","Active","H Pb   ","5.1, ","0.5, ","3.90 x 1.75 x 1.75, ","Axial Lead ","NA ","0 ","0.0165 ",
"1N5251BTR","Active","H Pb   ","22, ","0.5, ","3.90 x 1.75 x 1.75, ","Axial Lead ","NA ","0 ","0.0165 ",
"1N5226BTR","Active","H Pb   ","3.3, ","0.5, ","3.90 x 1.75 x 1.75, ","Axial Lead ","NA ","0 ","0.0165 ",
"1N5236BTR","Active","H Pb   ","7.5, ","0.5, ","3.90 x 1.75 x 1.75, ","Axial Lead ","NA ","0 ","0.0165 ",
"1N5248BTR","Active","H Pb   ","18, ","0.5, ","3.90 x 1.75 x 1.75, ","Axial Lead ","NA ","0 ","0.0165 ",
"1N5232BTR","Active","H Pb   ","5.6, ","0.5, ","3.90 x 1.75 x 1.75, ","Axial Lead ","NA ","0 ","0.0165 ",
"1N5244BTR","Active","H Pb   ","14, ","0.5, ","3.90 x 1.75 x 1.75, ","Axial Lead ","NA ","0 ","0.0165 ",
"1N5222B","Active","H Pb   ","2.5, ","0.5, ","3.90 x 1.75 x 1.75, ","Axial Lead ","NA ","0 ","0.0165 ",
"1N5231CTR","Active","H Pb   ","5.1, ","0.5, ","3.90 x 1.75 x 1.75, ","Axial Lead ","NA ","0 ","0.0165 ",
"1N5221B","Active","H Pb   ","2.4, ","0.5, ","3.90 x 1.75 x 1.75, ","Axial Lead ","NA ","0 ","0.0165 ",
"1N5223B","Active","H Pb   ","2.7, ","0.5, ","3.90 x 1.75 x 1.75, ","Axial Lead ","NA ","0 ","0.0165 ",
"1N5226B","Active","H Pb   ","3.3, ","0.5, ","3.90 x 1.75 x 1.75, ","Axial Lead ","NA ","0 ","0.0165 ",
"1N5252BTR","Active","H Pb   ","24, ","0.5, ","3.90 x 1.75 x 1.75, ","Axial Lead ","NA ","0 ","0.0165 ",
"1N5225B","Active","H Pb   ","3, ","0.5, ","3.90 x 1.75 x 1.75, ","Axial Lead ","NA ","0 ","0.0165 ",
"1N5228B","Active","H Pb   ","3.9, ","0.5, ","3.90 x 1.75 x 1.75, ","Axial Lead ","NA ","0 ","0.0165 ",
"1N5227B","Active","H Pb   ","3.6, ","0.5, ","3.90 x 1.75 x 1.75, ","Axial Lead ","NA ","0 ","0.0165 ",
"1N5227BTR","Active","H Pb   ","3.6, ","0.5, ","3.90 x 1.75 x 1.75, ","Axial Lead ","NA ","0 ","0.0165 ",
"1N5229B","Active","H Pb   ","4.3, ","0.5, ","3.90 x 1.75 x 1.75, ","Axial Lead ","NA ","0 ","0.0165 ",
"1N5240BTR","Active","H Pb   ","10, ","0.5, ","3.90 x 1.75 x 1.75, ","Axial Lead ","NA ","0 ","0.0165 ",
"1N5239BTR","Active","H Pb   ","9.1, ","0.5, ","3.90 x 1.75 x 1.75, ","Axial Lead ","NA ","0 ","0.0165 ",
"1N5233BTR","Active","H Pb   ","6, ","0.5, ","3.90 x 1.75 x 1.75, ","Axial Lead ","NA ","0 ","0.0165 ",
"1N5245BTR","Active","H Pb   ","15, ","0.5, ","3.90 x 1.75 x 1.75, ","Axial Lead ","NA ","0 ","0.0165 ",
"1N5230B","Active","H Pb   ","4.7, ","0.5, ","3.90 x 1.75 x 1.75, ","Axial Lead ","NA ","0 ","0.0165 ",
"1N5232B","Active","H Pb   ","5.6, ","0.5, ","3.90 x 1.75 x 1.75, ","Axial Lead ","NA ","0 ","0.0165 ",
"1N5231C","Active","H Pb   ","5.1, ","0.5, ","3.90 x 1.75 x 1.75, ","Axial Lead ","NA ","0 ","0.0227 ",
"1N5231B","Active","H Pb   ","5.1, ","0.5, ","3.90 x 1.75 x 1.75, ","Axial Lead ","NA ","0 ","0.0165 ",
"1N5234C","Active","H Pb   ","6.2, ","0.5, ","3.90 x 1.75 x 1.75, ","Axial Lead ","NA ","0 ","0.0227 ",
"1N5234B","Active","H Pb   ","6.2, ","0.5, ","3.90 x 1.75 x 1.75, ","Axial Lead ","NA ","0 ","0.0165 ",
"1N5233B","Active","H Pb   ","6, ","0.5, ","3.90 x 1.75 x 1.75, ","Axial Lead ","NA ","0 ","0.0165 ",
"1N5236B","Active","H Pb   ","7.5, ","0.5, ","3.90 x 1.75 x 1.75, ","Axial Lead ","NA ","0 ","0.0165 ",
"1N5235B","Active","H Pb   ","6.8, ","0.5, ","3.90 x 1.75 x 1.75, ","Axial Lead ","NA ","0 ","0.0165 ",
"1N5238B","Active","H Pb   ","8.7, ","0.5, ","3.90 x 1.75 x 1.75, ","Axial Lead ","NA ","0 ","0.0165 ",
"1N5237B","Active","H Pb   ","8.2, ","0.5, ","3.90 x 1.75 x 1.75, ","Axial Lead ","NA ","0 ","0.0165 ",
"1N5241BTR","Active","H Pb   ","11, ","0.5, ","3.90 x 1.75 x 1.75, ","Axial Lead ","NA ","0 ","0.0165 ",
"1N5239B","Active","H Pb   ","9.1, ","0.5, ","3.90 x 1.75 x 1.75, ","Axial Lead ","NA ","0 ","0.0165 ",
"1N5228BTR","Active","H Pb   ","3.9, ","0.5, ","3.90 x 1.75 x 1.75, ","Axial Lead ","NA ","0 ","0.0165 ",
"1N5349BG","Active","H Pb   ","12, ","5, ","8.65 x 3.50 x 3.50, ","Surmetic 40 ","NA ","0 ","0.1397 ",
"1N5351BRLG","Active","H Pb   ","14, ","5, ","8.65 x 3.50 x 3.50, ","Surmetic 40 ","NA ","0 ","0.1397 ",
"1N5342BRLG","Active","H Pb   ","6.8, ","5, ","8.65 x 3.50 x 3.50, ","Surmetic 40 ","NA ","0 ","0.1397 ",
"1N5380BG","Active","H Pb   ","120, ","5, ","8.65 x 3.50 x 3.50, ","Surmetic 40 ","NA ","0 ","0.1392 ",
"1N5335BRLG","Active","H Pb   ","3.9, ","5, ","8.65 x 3.50 x 3.50, ","Surmetic 40 ","NA ","0 ","0.1397 ",
"1N5353BRLG","Active","H Pb   ","16, ","5, ","8.65 x 3.50 x 3.50, ","Surmetic 40 ","NA ","0 ","0.1397 ",
"1N5362BG","Active","H Pb   ","28, ","5, ","8.65 x 3.50 x 3.50, ","Surmetic 40 ","NA ","0 ","0.1392 ",
"1N5360BRLG","Active","H Pb   ","25, ","5, ","8.65 x 3.50 x 3.50, ","Surmetic 40 ","NA ","0 ","0.1329 ",
"1N5384BG","Active","H Pb   ","160, ","5, ","8.65 x 3.50 x 3.50, ","Surmetic 40 ","NA ","0 ","0.132 ",
"1N5333BRLG","Active","H Pb   ","3.3, ","5, ","8.65 x 3.50 x 3.50, ","Surmetic 40 ","NA ","0 ","0.1397 ",
"1N5341BG","Active","H Pb   ","6.2, ","5, ","8.65 x 3.50 x 3.50, ","Surmetic 40 ","NA ","0 ","0.1369 ",
"1N5371BRLG","Active","H Pb   ","60, ","5, ","8.65 x 3.50 x 3.50, ","Surmetic 40 ","NA ","0 ","0.1133 ",
"1N5355BRLG","Active","H Pb   ","18, ","5, ","8.65 x 3.50 x 3.50, ","Surmetic 40 ","NA ","0 ","0.1397 ",
"1N5363BG","Active","H Pb   ","30, ","5, ","8.65 x 3.50 x 3.50, ","Surmetic 40 ","NA ","0 ","0.1351 ",
"1N5340BRLG","Active","H Pb   ","6, ","5, ","8.65 x 3.50 x 3.50, ","Surmetic 40 ","NA ","0 ","0.1397 ",
"1N5346BRLG","Active","H Pb   ","9.1, ","5, ","8.65 x 3.50 x 3.50, ","Surmetic 40 ","NA ","0 ","0.1397 ",
"1N5354BG","Active","H Pb   ","17, ","5, ","8.65 x 3.50 x 3.50, ","Surmetic 40 ","NA ","0 ","0.1392 ",
"1N5373BRLG","Active","H Pb   ","68, ","5, ","8.65 x 3.50 x 3.50, ","Surmetic 40 ","NA ","0 ","0.0929 ",
"1N5357BRLG","Active","H Pb   ","20, ","5, ","8.65 x 3.50 x 3.50, ","Surmetic 40 ","NA ","0 ","0.1397 ",
"1N5367BG","Active","H Pb   ","43, ","5, ","8.65 x 3.50 x 3.50, ","Surmetic 40 ","NA ","0 ","0.1359 ",
"1N5336BG","Active","H Pb   ","4.3, ","5, ","8.65 x 3.50 x 3.50, ","Surmetic 40 ","NA ","0 ","0.1327 ",
"1N5344BRLG","Active","H Pb   ","8.2, ","5, ","8.65 x 3.50 x 3.50, ","Surmetic 40 ","NA ","0 ","0.1397 ",
"1N5387BRLG","Active","H Pb   ","190, ","5, ","8.65 x 3.50 x 3.50, ","Surmetic 40 ","NA ","0 ","0.1388 ",
"1N5358BG","Active","H Pb   ","22, ","5, ","8.65 x 3.50 x 3.50, ","Surmetic 40 ","NA ","0 ","0.13 ",
"1N5358BRLG","Active","H Pb   ","22, ","5, ","8.65 x 3.50 x 3.50, ","Surmetic 40 ","NA ","0 ","0.1397 ",
"1N5348BG","Active","H Pb   ","11, ","5, ","8.65 x 3.50 x 3.50, ","Surmetic 40 ","NA ","0 ","0.1397 ",
"1N5374BRLG","Active","H Pb   ","75, ","5, ","8.65 x 3.50 x 3.50, ","Surmetic 40 ","NA ","0 ","0.1395 ",
"1N5384BRLG","Active","H Pb   ","160, ","5, ","8.65 x 3.50 x 3.50, ","Surmetic 40 ","NA ","0 ","0.1397 ",
"1N5339BG","Active","H Pb   ","5.6, ","5, ","8.65 x 3.50 x 3.50, ","Surmetic 40 ","NA ","0 ","0.1397 ",
"1N5367BRLG","Active","H Pb   ","43, ","5, ","8.65 x 3.50 x 3.50, ","Surmetic 40 ","NA ","0 ","0.1397 ",
"1N5383BG","Active","H Pb   ","150, ","5, ","8.65 x 3.50 x 3.50, ","Surmetic 40 ","NA ","0 ","0.1324 ",
"1N5370BG","Active","H Pb   ","56, ","5, ","8.65 x 3.50 x 3.50, ","Surmetic 40 ","NA ","0 ","0.1373 ",
"1N5369BRLG","Active","H Pb   ","51, ","5, ","8.65 x 3.50 x 3.50, ","Surmetic 40 ","NA ","0 ","0.1397 ",
"1N5361BG","Active","H Pb   ","27, ","5, ","8.65 x 3.50 x 3.50, ","Surmetic 40 ","NA ","0 ","0.1369 ",
"1N5348BRLG","Active","H Pb   ","11, ","5, ","8.65 x 3.50 x 3.50, ","Surmetic 40 ","NA ","0 ","0.1397 ",
"1N5363BRLG","Active","H Pb   ","30, ","5, ","8.65 x 3.50 x 3.50, ","Surmetic 40 ","NA ","0 ","0.1397 ",
"1N5339BRLG","Active","H Pb   ","5.6, ","5, ","8.65 x 3.50 x 3.50, ","Surmetic 40 ","NA ","0 ","0.1397 ",
"1N5375BG","Active","H Pb   ","82, ","5, ","8.65 x 3.50 x 3.50, ","Surmetic 40 ","NA ","0 ","0.1357 ",
"1N5340BG","Active","H Pb   ","6, ","5, ","8.65 x 3.50 x 3.50, ","Surmetic 40 ","NA ","0 ","0.1309 ",
"1N5380BRLG","Active","H Pb   ","120, ","5, ","8.65 x 3.50 x 3.50, ","Surmetic 40 ","NA ","0 ","0.1379 ",
"1N5366BG","Active","H Pb   ","39, ","5, ","8.65 x 3.50 x 3.50, ","Surmetic 40 ","NA ","0 ","0.136 ",
"1N5353BG","Active","H Pb   ","16, ","5, ","8.65 x 3.50 x 3.50, ","Surmetic 40 ","NA ","0 ","0.136 ",
"1N5378BRLG","Active","H Pb   ","100, ","5, ","8.65 x 3.50 x 3.50, ","Surmetic 40 ","NA ","0 ","0.1397 ",
"1N5388BG","Active","H Pb   ","200, ","5, ","8.65 x 3.50 x 3.50, ","Surmetic 40 ","NA ","0 ","0.1373 ",
"1N5337BRLG","Active","H Pb   ","4.7, ","5, ","8.65 x 3.50 x 3.50, ","Surmetic 40 ","NA ","0 ","0.1397 ",
"1N5357BG","Active","H Pb   ","20, ","5, ","8.65 x 3.50 x 3.50, ","Surmetic 40 ","NA ","0 ","0.1276 ",
"1N5344BG","Active","H Pb   ","8.2, ","5, ","8.65 x 3.50 x 3.50, ","Surmetic 40 ","NA ","0 ","0.1397 ",
"1N5335BG","Active","H Pb   ","3.9, ","5, ","8.65 x 3.50 x 3.50, ","Surmetic 40 ","NA ","0 ","0.1384 ",
"1N5350BRLG","Active","H Pb   ","13, ","5, ","8.65 x 3.50 x 3.50, ","Surmetic 40 ","NA ","0 ","0.1397 ",
"1N5365BRLG","Active","H Pb   ","36, ","5, ","8.65 x 3.50 x 3.50, ","Surmetic 40 ","NA ","0 ","0.1397 ",
"1N5338BG","Active","H Pb   ","5.1, ","5, ","8.65 x 3.50 x 3.50, ","Surmetic 40 ","NA ","0 ","0.1397 ",
"1N5343BRLG","Active","H Pb   ","7.5, ","5, ","8.65 x 3.50 x 3.50, ","Surmetic 40 ","NA ","0 ","0.1397 ",
"1N5336BRLG","Active","H Pb   ","4.3, ","5, ","8.65 x 3.50 x 3.50, ","Surmetic 40 ","NA ","0 ","0.136 ",
"1N5352BRLG","Active","H Pb   ","15, ","5, ","8.65 x 3.50 x 3.50, ","Surmetic 40 ","NA ","0 ","0.1397 ",
"1N5360BG","Active","H Pb   ","25, ","5, ","8.65 x 3.50 x 3.50, ","Surmetic 40 ","NA ","0 ","0.1253 ",
"1N5361BRLG","Active","H Pb   ","27, ","5, ","8.65 x 3.50 x 3.50, ","Surmetic 40 ","NA ","0 ","0.1397 ",
"1N5334BRLG","Active","H Pb   ","3.6, ","5, ","8.65 x 3.50 x 3.50, ","Surmetic 40 ","NA ","0 ","0.1397 ",
"1N5354BRLG","Active","H Pb   ","17, ","5, ","8.65 x 3.50 x 3.50, ","Surmetic 40 ","NA ","0 ","0.1397 ",
"1N5373BG","Active","H Pb   ","68, ","5, ","8.65 x 3.50 x 3.50, ","Surmetic 40 ","NA ","0 ","0.1363 ",
"1N5352BG","Active","H Pb   ","15, ","5, ","8.65 x 3.50 x 3.50, ","Surmetic 40 ","NA ","0 ","0.1397 ",
"1N5386BRLG","Active","H Pb   ","180, ","5, ","8.65 x 3.50 x 3.50, ","Surmetic 40 ","NA ","0 ","0.1312 ",
"1N5374BG","Active","H Pb   ","75, ","5, ","8.65 x 3.50 x 3.50, ","Surmetic 40 ","NA ","0 ","0.1379 ",
"1N5347BRLG","Active","H Pb   ","10, ","5, ","8.65 x 3.50 x 3.50, ","Surmetic 40 ","NA ","0 ","0.1397 ",
"1N5370BRLG","Active","H Pb   ","56, ","5, ","8.65 x 3.50 x 3.50, ","Surmetic 40 ","NA ","0 ","0.1395 ",
"1N5343BG","Active","H Pb   ","7.5, ","5, ","8.65 x 3.50 x 3.50, ","Surmetic 40 ","NA ","0 ","0.1397 ",
"1N5378BG","Active","H Pb   ","100, ","5, ","8.65 x 3.50 x 3.50, ","Surmetic 40 ","NA ","0 ","0.1347 ",
"1N5356BRLG","Active","H Pb   ","19, ","5, ","8.65 x 3.50 x 3.50, ","Surmetic 40 ","NA ","0 ","0.1397 ",
"1N5365BG","Active","H Pb   ","36, ","5, ","8.65 x 3.50 x 3.50, ","Surmetic 40 ","NA ","0 ","0.1311 ",
"1N5341BRLG","Active","H Pb   ","6.2, ","5, ","8.65 x 3.50 x 3.50, ","Surmetic 40 ","NA ","0 ","0.1397 ",
"1N5345BRLG","Active","H Pb   ","8.7, ","5, ","8.65 x 3.50 x 3.50, ","Surmetic 40 ","NA ","0 ","0.1365 ",
"1N5388BRLG","Active","H Pb   ","200, ","5, ","8.65 x 3.50 x 3.50, ","Surmetic 40 ","NA ","0 ","0.1397 ",
"1N5372BRLG","Active","H Pb   ","62, ","5, ","8.65 x 3.50 x 3.50, ","Surmetic 40 ","NA ","0 ","0.1327 ",
"1N5347BG","Active","H Pb   ","10, ","5, ","8.65 x 3.50 x 3.50, ","Surmetic 40 ","NA ","0 ","0.1397 ",
"1N5359BRLG","Active","H Pb   ","24, ","5, ","8.65 x 3.50 x 3.50, ","Surmetic 40 ","NA ","0 ","0.1397 ",
"1N5369BG","Active","H Pb   ","51, ","5, ","8.65 x 3.50 x 3.50, ","Surmetic 40 ","NA ","0 ","0.1369 ",
"1N5383BRLG","Active","H Pb   ","150, ","5, ","8.65 x 3.50 x 3.50, ","Surmetic 40 ","NA ","0 ","0.1397 ",
"1N5366BRLG","Active","H Pb   ","39, ","5, ","8.65 x 3.50 x 3.50, ","Surmetic 40 ","NA ","0 ","0.1397 ",
"1N5375BRLG","Active","H Pb   ","82, ","5, ","8.65 x 3.50 x 3.50, ","Surmetic 40 ","NA ","0 ","0.1236 ",
"1N5337BG","Active","H Pb   ","4.7, ","5, ","8.65 x 3.50 x 3.50, ","Surmetic 40 ","NA ","0 ","0.138 ",
"1N5349BRLG","Active","H Pb   ","12, ","5, ","8.65 x 3.50 x 3.50, ","Surmetic 40 ","NA ","0 ","0.1296 ",
"1N5368BRLG","Active","H Pb   ","47, ","5, ","8.65 x 3.50 x 3.50, ","Surmetic 40 ","NA ","0 ","0.1397 ",
"1N5381BRLG","Active","H Pb   ","130, ","5, ","8.65 x 3.50 x 3.50, ","Surmetic 40 ","NA ","0 ","0.1397 ",
"1N5377BRLG","Active","H Pb   ","91, ","5, ","8.65 x 3.50 x 3.50, ","Surmetic 40 ","NA ","0 ","0.1397 ",
"1N5350BG","Active","H Pb   ","13, ","5, ","8.65 x 3.50 x 3.50, ","Surmetic 40 ","NA ","0 ","0.1397 ",
"1N5372BG","Active","H Pb   ","62, ","5, ","8.65 x 3.50 x 3.50, ","Surmetic 40 ","NA ","0 ","0.1237 ",
"1N5364BG","Active","H Pb   ","33, ","5, ","8.65 x 3.50 x 3.50, ","Surmetic 40 ","NA ","0 ","0.136 ",
"1N5386BG","Active","H Pb   ","180, ","5, ","8.65 x 3.50 x 3.50, ","Surmetic 40 ","NA ","0 ","0.1325 ",
"1N5351BG","Active","H Pb   ","14, ","5, ","8.65 x 3.50 x 3.50, ","Surmetic 40 ","NA ","0 ","0.1391 ",
"1N5362BRLG","Active","H Pb   ","28, ","5, ","8.65 x 3.50 x 3.50, ","Surmetic 40 ","NA ","0 ","0.1236 ",
"1N5355BG","Active","H Pb   ","18, ","5, ","8.65 x 3.50 x 3.50, ","Surmetic 40 ","NA ","0 ","0.1397 ",
"1N5342BG","Active","H Pb   ","6.8, ","5, ","8.65 x 3.50 x 3.50, ","Surmetic 40 ","NA ","0 ","0.1397 ",
"1N5368BG","Active","H Pb   ","47, ","5, ","8.65 x 3.50 x 3.50, ","Surmetic 40 ","NA ","0 ","0.136 ",
"1N5333BG","Active","H Pb   ","3.3, ","5, ","8.65 x 3.50 x 3.50, ","Surmetic 40 ","NA ","0 ","0.1397 ",
"1N5364BRLG","Active","H Pb   ","33, ","5, ","8.65 x 3.50 x 3.50, ","Surmetic 40 ","NA ","0 ","0.1397 ",
"1N5359BG","Active","H Pb   ","24, ","5, ","8.65 x 3.50 x 3.50, ","Surmetic 40 ","NA ","0 ","0.1376 ",
"1N5338BRLG","Active","H Pb   ","5.1, ","5, ","8.65 x 3.50 x 3.50, ","Surmetic 40 ","NA ","0 ","0.1397 ",
"1N5346BG","Active","H Pb   ","9.1, ","5, ","8.65 x 3.50 x 3.50, ","Surmetic 40 ","NA ","0 ","0.1397 ",
"1N5932BRLG","Active","H Pb   ","20, ","3, ","4.63 x 2.37 x 2.37, ","Axial Lead-2 ","NA ","0 ","0.1216 ",
"1N5919BG","Active","H Pb   ","5.6, ","3, ","4.63 x 2.37 x 2.37, ","Axial Lead-2 ","NA ","0 ","0.1084 ",
"1N5934BRLG","Active","H Pb   ","24, ","3, ","4.63 x 2.37 x 2.37, ","Axial Lead-2 ","NA ","0 ","0.0851 ",
"1N5948BRLG","Active","H Pb   ","91, ","3, ","4.63 x 2.37 x 2.37, ","Axial Lead-2 ","NA ","0 ","0.0636 ",
"1N5953BG","Active","H Pb   ","150, ","3, ","4.63 x 2.37 x 2.37, ","Axial Lead-2 ","NA ","0 ","0.1097 ",
"1N5956BRLG","Active","H Pb   ","200, ","3, ","4.63 x 2.37 x 2.37, ","Axial Lead-2 ","NA ","0 ","0.0816 ",
"1N5920BRLG","Active","H Pb   ","6.2, ","3, ","4.63 x 2.37 x 2.37, ","Axial Lead-2 ","NA ","0 ","0.1027 ",
"1N5937BRLG","Active","H Pb   ","33, ","3, ","4.63 x 2.37 x 2.37, ","Axial Lead-2 ","NA ","0 ","0.0771 ",
"1N5927BG","Active","H Pb   ","12, ","3, ","4.63 x 2.37 x 2.37, ","Axial Lead-2 ","NA ","0 ","0.1264 ",
"1N5942BRLG","Active","H Pb   ","51, ","3, ","4.63 x 2.37 x 2.37, ","Axial Lead-2 ","NA ","0 ","0.0816 ",
"1N5913BRLG","Active","H Pb   ","3.3, ","3, ","4.63 x 2.37 x 2.37, ","Axial Lead-2 ","NA ","0 ","0.1037 ",
"1N5935BRLG","Active","H Pb   ","27, ","3, ","4.63 x 2.37 x 2.37, ","Axial Lead-2 ","NA ","0 ","0.1528 ",
"1N5919BRLG","Active","H Pb   ","5.6, ","3, ","4.63 x 2.37 x 2.37, ","Axial Lead-2 ","NA ","0 ","0.0924 ",
"1N5917BRLG","Active","H Pb   ","4.7, ","3, ","4.63 x 2.37 x 2.37, ","Axial Lead-2 ","NA ","0 ","0.0851 ",
"1N5931BRLG","Active","H Pb   ","18, ","3, ","4.63 x 2.37 x 2.37, ","Axial Lead-2 ","NA ","0 ","0.0851 ",
"1N5938BRLG","Active","H Pb   ","36, ","3, ","4.63 x 2.37 x 2.37, ","Axial Lead-2 ","NA ","0 ","0.1117 ",
"1N5929BRLG","Active","H Pb   ","15, ","3, ","4.63 x 2.37 x 2.37, ","Axial Lead-2 ","NA ","0 ","0.0851 ",
"1N5956BG","Active","H Pb   ","200, ","3, ","4.63 x 2.37 x 2.37, ","Axial Lead-2 ","NA ","0 ","0.1144 ",
"1N5927BRLG","Active","H Pb   ","12, ","3, ","4.63 x 2.37 x 2.37, ","Axial Lead-2 ","NA ","0 ","0.0851 ",
"1N5934BG","Active","H Pb   ","24, ","3, ","4.63 x 2.37 x 2.37, ","Axial Lead-2 ","NA ","0 ","0.1095 ",
"1N5921BRLG","Active","H Pb   ","6.8, ","3, ","4.63 x 2.37 x 2.37, ","Axial Lead-2 ","NA ","0 ","0.0988 ",
"1N5925BRLG","Active","H Pb   ","10, ","3, ","4.63 x 2.37 x 2.37, ","Axial Lead-2 ","NA ","0 ","0.0851 ",
"1N5953BRLG","Active","H Pb   ","150, ","3, ","4.63 x 2.37 x 2.37, ","Axial Lead-2 ","NA ","0 ","0.0851 ",
"1PMT5921BT1G","Active","H Pb   ","6.8, ","3.2, ","3.75 x 1.90 x 1.00, ","POWERMITE-2 ","1 ","260 ","0.1993 ",
"1PMT5941BT1G","Active","H Pb   ","47, ","3.2, ","3.75 x 1.90 x 1.00, ","POWERMITE-2 ","1 ","260 ","0.1993 ",
"1PMT5933BT1G","Active","H Pb   ","22, ","3.2, ","3.75 x 1.90 x 1.00, ","POWERMITE-2 ","1 ","260 ","0.1993 ",
"1PMT5935BT1G","Active","H Pb   ","27, ","3.2, ","3.75 x 1.90 x 1.00, ","POWERMITE-2 ","1 ","260 ","0.1993 ",
"1PMT5920BT1G","Active","H Pb   ","6.2, ","3.2, ","3.75 x 1.90 x 1.00, ","POWERMITE-2 ","1 ","260 ","0.1993 ",
"1PMT5924BT1G","Active","H Pb   ","9.1, ","3.2, ","3.75 x 1.90 x 1.00, ","POWERMITE-2 ","1 ","260 ","0.182 ",
"1PMT5929BT1G","Active","H Pb   ","15, ","3.2, ","3.75 x 1.90 x 1.00, ","POWERMITE-2 ","1 ","260 ","0.1993 ",
"1PMT5927BT1G","Active","H Pb   ","12, ","3.2, ","3.75 x 1.90 x 1.00, ","POWERMITE-2 ","1 ","260 ","0.1993 ",
"SZ1SMA5923BT3G","Active","H Pb A P ","8.2, ","1.5, ","2.60 x 5.10 x 1.00, ","SMA-2 ","1 ","260 ","0.2347 ",
"SZ1SMA5932BT3G","Active","H Pb A P ","20, ","1.5, ","2.60 x 5.10 x 1.00, ","SMA-2 ","1 ","260 ","0.2347 ",
"SZ1SMA5914BT3G","Active","H Pb A P ","3.6, ","1.5, ","2.60 x 5.10 x 1.00, ","SMA-2 ","1 ","260 ","0.2347 ",
"SZ1SMA5930BT3G","Active","H Pb A P ","16, ","1.5, ","2.60 x 5.10 x 1.00, ","SMA-2 ","1 ","260 ","0.2347 ",
"SZ1SMA5921BT3G","Active","H Pb A P ","6.8, ","1.5, ","2.60 x 5.10 x 1.00, ","SMA-2 ","1 ","260 ","0.2347 ",
"SZ1SMA5916BT3G","Active","H Pb A P ","4.3, ","1.5, ","2.60 x 5.10 x 1.00, ","SMA-2 ","1 ","260 ","0.2347 ",
"1SMA5937BT3G","Active","H Pb   ","33, ","1.5, ","2.60 x 5.10 x 1.00, ","SMA-2 ","1 ","260 ","0.0848 ",
"1SMA5921BT3G","Active","H Pb   ","6.8, ","1.5, ","2.60 x 5.10 x 1.00, ","SMA-2 ","1 ","260 ","0.0848 ",
"1SMA5928BT3G","Active","H Pb   ","13, ","1.5, ","2.60 x 5.10 x 1.00, ","SMA-2 ","1 ","260 ","0.0848 ",
"SZ1SMA5918BT3G","Active","H Pb A P ","5.1, ","1.5, ","2.60 x 5.10 x 1.00, ","SMA-2 ","1 ","260 ","0.2347 ",
"SZ1SMA5936BT3G","Active","H Pb A P ","30, ","1.5, ","2.60 x 5.10 x 1.00, ","SMA-2 ","1 ","260 ","0.2347 ",
"1SMA5923BT3G","Active","H Pb   ","8.2, ","1.5, ","2.60 x 5.10 x 1.00, ","SMA-2 ","1 ","260 ","0.0848 ",
"1SMA5939BT3G","Active","H Pb   ","39, ","1.5, ","2.60 x 5.10 x 1.00, ","SMA-2 ","1 ","260 ","0.0848 ",
"SZ1SMA5934BT3G","Active","H Pb A P ","24, ","1.5, ","2.60 x 5.10 x 1.00, ","SMA-2 ","1 ","260 ","0.2347 ",
"1SMA5925BT3G","Active","H Pb   ","10, ","1.5, ","2.60 x 5.10 x 1.00, ","SMA-2 ","1 ","260 ","0.0848 ",
"1SMA5916BT3G","Active","H Pb   ","4.3, ","1.5, ","2.60 x 5.10 x 1.00, ","SMA-2 ","1 ","260 ","0.0848 ",
"1SMA5933BT3G","Active","H Pb   ","22, ","1.5, ","2.60 x 5.10 x 1.00, ","SMA-2 ","1 ","260 ","0.0848 ",
"SZ1SMA5929BT3G","Active","H Pb A P ","15, ","1.5, ","2.60 x 5.10 x 1.00, ","SMA-2 ","1 ","260 ","0.2347 ",
"1SMA5927BT3G","Active","H Pb   ","12, ","1.5, ","2.60 x 5.10 x 1.00, ","SMA-2 ","1 ","260 ","0.0848 ",
"1SMA5935BT3G","Active","H Pb   ","27, ","1.5, ","2.60 x 5.10 x 1.00, ","SMA-2 ","1 ","260 ","0.0848 ",
"1SMA5940BT3G","Active","H Pb   ","43, ","1.5, ","2.60 x 5.10 x 1.00, ","SMA-2 ","1 ","260 ","0.0848 ",
"1SMA5942BT3G","Active","H Pb   ","51, ","1.5, ","2.60 x 5.10 x 1.00, ","SMA-2 ","1 ","260 ","0.0848 ",
"SZ1SMA5938BT3G","Active","H Pb A P ","36, ","1.5, ","2.60 x 5.10 x 1.00, ","SMA-2 ","1 ","260 ","0.2347 ",
"1SMA5914BT3G","Active","H Pb   ","3.6, ","1.5, ","2.60 x 5.10 x 1.00, ","SMA-2 ","1 ","260 ","0.0848 ",
"SZ1SMA5927BT3G","Active","H Pb A P ","12, ","1.5, ","2.60 x 5.10 x 1.00, ","SMA-2 ","1 ","260 ","0.2347 ",
"SZ1SMA5942BT3G","Active","H Pb A P ","51, ","1.5, ","2.60 x 5.10 x 1.00, ","SMA-2 ","1 ","260 ","0.2347 ",
"SZ1SMA5925BT3G","Active","H Pb A P ","10, ","1.5, ","2.60 x 5.10 x 1.00, ","SMA-2 ","1 ","260 ","0.2347 ",
"1SMA5918BT3G","Active","H Pb   ","5.1, ","1.5, ","2.60 x 5.10 x 1.00, ","SMA-2 ","1 ","260 ","0.0848 ",
"1SMA5931BT3G","Active","H Pb   ","18, ","1.5, ","2.60 x 5.10 x 1.00, ","SMA-2 ","1 ","260 ","0.0848 ",
"SZ1SMA5915BT3G","Active","H Pb A P ","3.9, ","1.5, ","2.60 x 5.10 x 1.00, ","SMA-2 ","1 ","260 ","0.2347 ",
"SZ1SMA5940BT3G","Active","H Pb A P ","43, ","1.5, ","2.60 x 5.10 x 1.00, ","SMA-2 ","1 ","260 ","0.2347 ",
"SZ1SMA5924BT3G","Active","H Pb A P ","9.1, ","1.5, ","2.60 x 5.10 x 1.00, ","SMA-2 ","1 ","260 ","0.2347 ",
"SZ1SMA5931BT3G","Active","H Pb A P ","18, ","1.5, ","2.60 x 5.10 x 1.00, ","SMA-2 ","1 ","260 ","0.2347 ",
"SZ1SMA5917BT3G","Active","H Pb A P ","4.7, ","1.5, ","2.60 x 5.10 x 1.00, ","SMA-2 ","1 ","260 ","0.2347 ",
"SZ1SMA5922BT3G","Active","H Pb A P ","7.5, ","1.5, ","2.60 x 5.10 x 1.00, ","SMA-2 ","1 ","260 ","0.2347 ",
"1SMA5920BT3G","Active","H Pb   ","6.2, ","1.5, ","2.60 x 5.10 x 1.00, ","SMA-2 ","1 ","260 ","0.0848 ",
"SZ1SMA5935BT3G","Active","H Pb A P ","27, ","1.5, ","2.60 x 5.10 x 1.00, ","SMA-2 ","1 ","260 ","0.2347 ",
"1SMA5929BT3G","Active","H Pb   ","15, ","1.5, ","2.60 x 5.10 x 1.00, ","SMA-2 ","1 ","260 ","0.0848 ",
"SZ1SMA5919BT3G","Active","H Pb A P ","5.6, ","1.5, ","2.60 x 5.10 x 1.00, ","SMA-2 ","1 ","260 ","0.2347 ",
"1SMA5922BT3G","Active","H Pb   ","7.5, ","1.5, ","2.60 x 5.10 x 1.00, ","SMA-2 ","1 ","260 ","0.0848 ",
"1SMA5913BT3G","Active","H Pb   ","3.3, ","1.5, ","2.60 x 5.10 x 1.00, ","SMA-2 ","1 ","260 ","0.0848 ",
"1SMA5938BT3G","Active","H Pb   ","36, ","1.5, ","2.60 x 5.10 x 1.00, ","SMA-2 ","1 ","260 ","0.0848 ",
"SZ1SMA5920BT3G","Active","H Pb A P ","6.2, ","1.5, ","2.60 x 5.10 x 1.00, ","SMA-2 ","1 ","260 ","0.2347 ",
"1SMA5924BT3G","Active","H Pb   ","9.1, ","1.5, ","2.60 x 5.10 x 1.00, ","SMA-2 ","1 ","260 ","0.0848 ",
"SZ1SMA5933BT3G","Active","H Pb A P ","22, ","1.5, ","2.60 x 5.10 x 1.00, ","SMA-2 ","1 ","260 ","0.2347 ",
"1SMA5917BT3G","Active","H Pb   ","4.7, ","1.5, ","2.60 x 5.10 x 1.00, ","SMA-2 ","1 ","260 ","0.0848 ",
"1SMA5941BT3G","Active","H Pb   ","47, ","1.5, ","2.60 x 5.10 x 1.00, ","SMA-2 ","1 ","260 ","0.0848 ",
"SZ1SMA5939BT3G","Active","H Pb A P ","39, ","1.5, ","2.60 x 5.10 x 1.00, ","SMA-2 ","1 ","260 ","0.2347 ",
"1SMA5926BT3G","Active","H Pb   ","11, ","1.5, ","2.60 x 5.10 x 1.00, ","SMA-2 ","1 ","260 ","0.0848 ",
"1SMA5934BT3G","Active","H Pb   ","24, ","1.5, ","2.60 x 5.10 x 1.00, ","SMA-2 ","1 ","260 ","0.0848 ",
"1SMA5943BT3G","Active","H Pb   ","56, ","1.5, ","2.60 x 5.10 x 1.00, ","SMA-2 ","1 ","260 ","0.0848 ",
"SZ1SMA5945BT3G","Active","H Pb A P ","68, ","1.5, ","2.60 x 5.10 x 1.00, ","SMA-2 ","1 ","260 ","0.2347 ",
"SZ1SMA5937BT3G","Active","H Pb A P ","33, ","1.5, ","2.60 x 5.10 x 1.00, ","SMA-2 ","1 ","260 ","0.2347 ",
"1SMA5915BT3G","Active","H Pb   ","3.9, ","1.5, ","2.60 x 5.10 x 1.00, ","SMA-2 ","1 ","260 ","0.0848 ",
"1SMA5936BT3G","Active","H Pb   ","30, ","1.5, ","2.60 x 5.10 x 1.00, ","SMA-2 ","1 ","260 ","0.0848 ",
"1SMA5945BT3G","Active","H Pb   ","68, ","1.5, ","2.60 x 5.10 x 1.00, ","SMA-2 ","1 ","260 ","0.0848 ",
"1SMA5930BT3G","Active","H Pb   ","16, ","1.5, ","2.60 x 5.10 x 1.00, ","SMA-2 ","1 ","260 ","0.0848 ",
"SZ1SMA5928BT3G","Active","H Pb A P ","13, ","1.5, ","2.60 x 5.10 x 1.00, ","SMA-2 ","1 ","260 ","0.2347 ",
"SZ1SMA5941BT3G","Active","H Pb A P ","47, ","1.5, ","2.60 x 5.10 x 1.00, ","SMA-2 ","1 ","260 ","0.2347 ",
"1SMA5919BT3G","Active","H Pb   ","5.6, ","1.5, ","2.60 x 5.10 x 1.00, ","SMA-2 ","1 ","260 ","0.0848 ",
"SZ1SMA5913BT3G","Active","H Pb A P ","3.3, ","1.5, ","2.60 x 5.10 x 1.00, ","SMA-2 ","1 ","260 ","0.2347 ",
"1SMA5932BT3G","Active","H Pb   ","20, ","1.5, ","2.60 x 5.10 x 1.00, ","SMA-2 ","1 ","260 ","0.0848 ",
"SZ1SMA5926BT3G","Active","H Pb A P ","11, ","1.5, ","2.60 x 5.10 x 1.00, ","SMA-2 ","1 ","260 ","0.2347 ",
"1SMB5931BT3G","Active","H Pb   ","18, ","3, ","3.56 x 5.44 x 2.30, ","SMB-2 ","1 ","260 ","0.0775 ",
"1SMB5915BT3G","Active","H Pb   ","3.9, ","3, ","3.56 x 5.44 x 2.30, ","SMB-2 ","1 ","260 ","0.0819 ",
"SZ1SMB5928BT3G","Active","H Pb A P ","13, ","3, ","3.56 x 5.44 x 2.30, ","SMB-2 ","1 ","260 ","0.2311 ",
"SZ1SMB5937BT3G","Active","H Pb A P ","33, ","3, ","3.56 x 5.44 x 2.30, ","SMB-2 ","1 ","260 ","0.2311 ",
"SZ1SMB5944BT3G","Active","H Pb A P ","62, ","3, ","3.56 x 5.44 x 2.30, ","SMB-2 ","1 ","260 ","0.2311 ",
"1SMB5933BT3G","Active","H Pb   ","22, ","3, ","3.56 x 5.44 x 2.30, ","SMB-2 ","1 ","260 ","0.0819 ",
"1SMB5913BT3G","Active","H Pb   ","3.3, ","3, ","3.56 x 5.44 x 2.30, ","SMB-2 ","1 ","260 ","0.0736 ",
"SZ1SMB5935BT3G","Active","H Pb A P ","27, ","3, ","3.56 x 5.44 x 2.30, ","SMB-2 ","1 ","260 ","0.2311 ",
"1SMB5940BT3G","Active","H Pb   ","43, ","3, ","3.56 x 5.44 x 2.30, ","SMB-2 ","1 ","260 ","0.0819 ",
"SZ1SMB5942BT3G","Active","H Pb A P ","51, ","3, ","3.56 x 5.44 x 2.30, ","SMB-2 ","1 ","260 ","0.2311 ",
"SZ1SMB5939BT3G","Active","H Pb A P ","39, ","3, ","3.56 x 5.44 x 2.30, ","SMB-2 ","1 ","260 ","0.2311 ",
"SZ1SMB5940BT3G","Active","H Pb A P ","43, ","3, ","3.56 x 5.44 x 2.30, ","SMB-2 ","1 ","260 ","0.2311 ",
"1SMB5919BT3G","Active","H Pb   ","5.6, ","3, ","3.56 x 5.44 x 2.30, ","SMB-2 ","1 ","260 ","0.0784 ",
"1SMB5942BT3G","Active","H Pb   ","51, ","3, ","3.56 x 5.44 x 2.30, ","SMB-2 ","1 ","260 ","0.0819 ",
"SZ1SMB5951BT3G","Active","H Pb A P ","120, ","3, ","3.56 x 5.44 x 2.30, ","SMB-2 ","1 ","260 ","0.2053 ",
"SZ1SMB5926BT3G","Active","H Pb A P ","11, ","3, ","3.56 x 5.44 x 2.30, ","SMB-2 ","1 ","260 ","0.2311 ",
"1SMB5944BT3G","Active","H Pb   ","62, ","3, ","3.56 x 5.44 x 2.30, ","SMB-2 ","1 ","260 ","0.0819 ",
"SZ1SMB5953BT3G","Active","H Pb A P ","150, ","3, ","3.56 x 5.44 x 2.30, ","SMB-2 ","1 ","260 ","0.22 ",
"1SMB5917BT3G","Active","H Pb   ","4.7, ","3, ","3.56 x 5.44 x 2.30, ","SMB-2 ","1 ","260 ","0.0736 ",
"1SMB5954BT3G","Active","H Pb   ","160, ","3, ","3.56 x 5.44 x 2.30, ","SMB-2 ","1 ","260 ","0.0819 ",
"1SMB5946BT3G","Active","H Pb   ","75, ","3, ","3.56 x 5.44 x 2.30, ","SMB-2 ","1 ","260 ","0.0819 ",
"SZ1SMB5922BT3G","Active","H Pb A P ","7.5, ","3, ","3.56 x 5.44 x 2.30, ","SMB-2 ","1 ","260 ","0.2311 ",
"1SMB5956BT3G","Active","H Pb   ","200, ","3, ","3.56 x 5.44 x 2.30, ","SMB-2 ","1 ","260 ","0.0769 ",
"1SMB5948BT3G","Active","H Pb   ","91, ","3, ","3.56 x 5.44 x 2.30, ","SMB-2 ","1 ","260 ","0.0819 ",
"SZ1SMB5914BT3G","Active","H Pb A P ","3.6, ","3, ","3.56 x 5.44 x 2.30, ","SMB-2 ","1 ","260 ","0.2311 ",
"SZ1SMB5920BT3G","Active","H Pb A P ","6.2, ","3, ","3.56 x 5.44 x 2.30, ","SMB-2 ","1 ","260 ","0.2311 ",
"1SMB5928BT3G","Active","H Pb   ","13, ","3, ","3.56 x 5.44 x 2.30, ","SMB-2 ","1 ","260 ","0.0728 ",
"SZ1SMB5948BT3G","Active","H Pb A P ","91, ","3, ","3.56 x 5.44 x 2.30, ","SMB-2 ","1 ","260 ","0.2053 ",
"SZ1SMB5933BT3G","Active","H Pb A P ","22, ","3, ","3.56 x 5.44 x 2.30, ","SMB-2 ","1 ","260 ","0.2311 ",
"1SMB5935BT3G","Active","H Pb   ","27, ","3, ","3.56 x 5.44 x 2.30, ","SMB-2 ","1 ","260 ","0.0828 ",
"1SMB5920BT3G","Active","H Pb   ","6.2, ","3, ","3.56 x 5.44 x 2.30, ","SMB-2 ","1 ","260 ","0.0703 ",
"1SMB5926BT3G","Active","H Pb   ","11, ","3, ","3.56 x 5.44 x 2.30, ","SMB-2 ","1 ","260 ","0.0688 ",
"SZ1SMB5916BT3G","Active","H Pb A P ","4.3, ","3, ","3.56 x 5.44 x 2.30, ","SMB-2 ","1 ","260 ","0.2311 ",
"SZ1SMB5931BT3G","Active","H Pb A P ","18, ","3, ","3.56 x 5.44 x 2.30, ","SMB-2 ","1 ","260 ","0.2311 ",
"SZ1SMB5946BT3G","Active","H Pb A P ","75, ","3, ","3.56 x 5.44 x 2.30, ","SMB-2 ","1 ","260 ","0.2156 ",
"SZ1SMB5918BT3G","Active","H Pb A P ","5.1, ","3, ","3.56 x 5.44 x 2.30, ","SMB-2 ","1 ","260 ","0.2311 ",
"1SMB5952BT3G","Active","H Pb   ","130, ","3, ","3.56 x 5.44 x 2.30, ","SMB-2 ","1 ","260 ","0.0819 ",
"1SMB5937BT3G","Active","H Pb   ","33, ","3, ","3.56 x 5.44 x 2.30, ","SMB-2 ","1 ","260 ","0.0819 ",
"1SMB5922BT3G","Active","H Pb   ","7.5, ","3, ","3.56 x 5.44 x 2.30, ","SMB-2 ","1 ","260 ","0.0819 ",
"1SMB5924BT3G","Active","H Pb   ","9.1, ","3, ","3.56 x 5.44 x 2.30, ","SMB-2 ","1 ","260 ","0.0819 ",
"1SMB5939BT3G","Active","H Pb   ","39, ","3, ","3.56 x 5.44 x 2.30, ","SMB-2 ","1 ","260 ","0.0819 ",
"1SMB5923BT3G","Active","H Pb   ","8.2, ","3, ","3.56 x 5.44 x 2.30, ","SMB-2 ","1 ","260 ","0.0704 ",
"SZ1SMB5952BT3G","Active","H Pb A P ","130, ","3, ","3.56 x 5.44 x 2.30, ","SMB-2 ","1 ","260 ","0.2053 ",
"1SMB5932BT3G","Active","H Pb   ","20, ","3, ","3.56 x 5.44 x 2.30, ","SMB-2 ","1 ","260 ","0.0667 ",
"SZ1SMB5945BT3G","Active","H Pb A P ","68, ","3, ","3.56 x 5.44 x 2.30, ","SMB-2 ","1 ","260 ","0.2311 ",
"1SMB5914BT3G","Active","H Pb   ","3.6, ","3, ","3.56 x 5.44 x 2.30, ","SMB-2 ","1 ","260 ","0.064 ",
"SZ1SMB5927BT3G","Active","H Pb A P ","12, ","3, ","3.56 x 5.44 x 2.30, ","SMB-2 ","1 ","260 ","0.2311 ",
"SZ1SMB5938BT3G","Active","H Pb A P ","36, ","3, ","3.56 x 5.44 x 2.30, ","SMB-2 ","1 ","260 ","0.2311 ",
"SZ1SMB5943BT3G","Active","H Pb A P ","56, ","3, ","3.56 x 5.44 x 2.30, ","SMB-2 ","1 ","260 ","0.2156 ",
"1SMB5941BT3G","Active","H Pb   ","47, ","3, ","3.56 x 5.44 x 2.30, ","SMB-2 ","1 ","260 ","0.0804 ",
"SZ1SMB5929BT3G","Active","H Pb A P ","15, ","3, ","3.56 x 5.44 x 2.30, ","SMB-2 ","1 ","260 ","0.2311 ",
"SZ1SMB5936BT3G","Active","H Pb A P ","30, ","3, ","3.56 x 5.44 x 2.30, ","SMB-2 ","1 ","260 ","0.2311 ",
"1SMB5934BT3G","Active","H Pb   ","24, ","3, ","3.56 x 5.44 x 2.30, ","SMB-2 ","1 ","260 ","0.0665 ",
"SZ1SMB5956BT3G","Active","H Pb A P ","200, ","3, ","3.56 x 5.44 x 2.30, ","SMB-2 ","1 ","260 ","0.2311 ",
"1SMB5943BT3G","Active","H Pb   ","56, ","3, ","3.56 x 5.44 x 2.30, ","SMB-2 ","1 ","260 ","0.0819 ",
"SZ1SMB5941BT3G","Active","H Pb A P ","47, ","3, ","3.56 x 5.44 x 2.30, ","SMB-2 ","1 ","260 ","0.2311 ",
"1SMB5918BT3G","Active","H Pb   ","5.1, ","3, ","3.56 x 5.44 x 2.30, ","SMB-2 ","1 ","260 ","0.0771 ",
"SZ1SMB5923BT3G","Active","H Pb A P ","8.2, ","3, ","3.56 x 5.44 x 2.30, ","SMB-2 ","1 ","260 ","0.2311 ",
"1SMB5930BT3G","Active","H Pb   ","16, ","3, ","3.56 x 5.44 x 2.30, ","SMB-2 ","1 ","260 ","0.0667 ",
"1SMB5916BT3G","Active","H Pb   ","4.3, ","3, ","3.56 x 5.44 x 2.30, ","SMB-2 ","1 ","260 ","0.064 ",
"1SMB5945BT3G","Active","H Pb   ","68, ","3, ","3.56 x 5.44 x 2.30, ","SMB-2 ","1 ","260 ","0.0819 ",
"SZ1SMB5925BT3G","Active","H Pb A P ","10, ","3, ","3.56 x 5.44 x 2.30, ","SMB-2 ","1 ","260 ","0.2311 ",
"SZ1SMB5921BT3G","Active","H Pb A P ","6.8, ","3, ","3.56 x 5.44 x 2.30, ","SMB-2 ","1 ","260 ","0.2311 ",
"SZ1SMB5913BT3G","Active","H Pb A P ","3.3, ","3, ","3.56 x 5.44 x 2.30, ","SMB-2 ","1 ","260 ","0.2311 ",
"SZ1SMB5930BT3G","Active","H Pb A P ","16, ","3, ","3.56 x 5.44 x 2.30, ","SMB-2 ","1 ","260 ","0.2311 ",
"1SMB5947BT3G","Active","H Pb   ","82, ","3, ","3.56 x 5.44 x 2.30, ","SMB-2 ","1 ","260 ","0.0819 ",
"1SMB5953BT3G","Active","H Pb   ","150, ","3, ","3.56 x 5.44 x 2.30, ","SMB-2 ","1 ","260 ","0.0885 ",
"SZ1SMB5915BT3G","Active","H Pb A P ","3.9, ","3, ","3.56 x 5.44 x 2.30, ","SMB-2 ","1 ","260 ","0.2311 ",
"1SMB5929BT3G","Active","H Pb   ","15, ","3, ","3.56 x 5.44 x 2.30, ","SMB-2 ","1 ","260 ","0.0689 ",
"1SMB5949BT3G","Active","H Pb   ","100, ","3, ","3.56 x 5.44 x 2.30, ","SMB-2 ","1 ","260 ","0.09 ",
"1SMB5955BT3G","Active","H Pb   ","180, ","3, ","3.56 x 5.44 x 2.30, ","SMB-2 ","1 ","260 ","0.0819 ",
"1SMB5927BT3G","Active","H Pb   ","12, ","3, ","3.56 x 5.44 x 2.30, ","SMB-2 ","1 ","260 ","0.0688 ",
"SZ1SMB5949BT3G","Active","H Pb A P ","100, ","3, ","3.56 x 5.44 x 2.30, ","SMB-2 ","1 ","260 ","0.2156 ",
"SZ1SMB5934BT3G","Active","H Pb A P ","24, ","3, ","3.56 x 5.44 x 2.30, ","SMB-2 ","1 ","260 ","0.2311 ",
"1SMB5936BT3G","Active","H Pb   ","30, ","3, ","3.56 x 5.44 x 2.30, ","SMB-2 ","1 ","260 ","0.0767 ",
"SZ1SMB5917BT3G","Active","H Pb A P ","4.7, ","3, ","3.56 x 5.44 x 2.30, ","SMB-2 ","1 ","260 ","0.2311 ",
"1SMB5921BT3G","Active","H Pb   ","6.8, ","3, ","3.56 x 5.44 x 2.30, ","SMB-2 ","1 ","260 ","0.0736 ",
"1SMB5925BT3G","Active","H Pb   ","10, ","3, ","3.56 x 5.44 x 2.30, ","SMB-2 ","1 ","260 ","0.0819 ",
"SZ1SMB5932BT3G","Active","H Pb A P ","20, ","3, ","3.56 x 5.44 x 2.30, ","SMB-2 ","1 ","260 ","0.2311 ",
"SZ1SMB5947BT3G","Active","H Pb A P ","82, ","3, ","3.56 x 5.44 x 2.30, ","SMB-2 ","1 ","260 ","0.2311 ",
"SZ1SMB5919BT3G","Active","H Pb A P ","5.6, ","3, ","3.56 x 5.44 x 2.30, ","SMB-2 ","1 ","260 ","0.2311 ",
"1SMB5938BT3G","Active","H Pb   ","36, ","3, ","3.56 x 5.44 x 2.30, ","SMB-2 ","1 ","260 ","0.0819 ",
"1SMB5951BT3G","Active","H Pb   ","120, ","3, ","3.56 x 5.44 x 2.30, ","SMB-2 ","1 ","260 ","0.0819 ",
"SZ3EZ16D5RLG","Consult Sales Office","H Pb   ","-, ","-, ",", ","Axial Lead-2 ","NA ","0 ","0.0 ",
"BZX79C5V1","Active","H Pb   ","5.1, ","0.5, ","3.90 x 1.75 x 1.75, ","Axial Lead ","NA ","0 ","0.0235 ",
"BZX79C5V6","Active","H Pb   ","5.6, ","0.5, ","3.90 x 1.75 x 1.75, ","Axial Lead ","NA ","0 ","0.0235 ",
"BZX79C5V1-T50A","Active","H Pb   ","5.1, ","0.5, ","3.90 x 1.75 x 1.75, ","Axial Lead ","NA ","0 ","0.0235 ",
"BZX79C9V1","Active","H Pb   ","9.1, ","0.5, ","3.90 x 1.75 x 1.75, ","Axial Lead ","NA ","0 ","0.0235 ",
"BZX79C16-T50A","Active","H Pb   ","16, ","-, ","3.90 x 1.75 x 1.75, ","Axial Lead ","NA ","0 ","0.0235 ",
"BZX79C4V7","Active","H Pb   ","4.7, ","0.5, ","3.90 x 1.75 x 1.75, ","Axial Lead ","NA ","0 ","0.0235 ",
"BZX79C4V3","Active","H Pb   ","4.3, ","0.5, ","3.90 x 1.75 x 1.75, ","Axial Lead ","NA ","0 ","0.0235 ",
"BZX79C8V2","Active","H Pb   ","8.2, ","0.5, ","3.90 x 1.75 x 1.75, ","Axial Lead ","NA ","0 ","0.0235 ",
"BZX79C3V3-T50A","Active","H Pb   ","3.3, ","0.5, ","3.90 x 1.75 x 1.75, ","Axial Lead ","NA ","0 ","0.0235 ",
"BZX79C3V6-T50A","Active","H Pb   ","3.6, ","0.5, ","3.90 x 1.75 x 1.75, ","Axial Lead ","NA ","0 ","0.0235 ",
"BZX79C8V2-T50A","Active","H Pb   ","8.2, ","0.5, ","3.90 x 1.75 x 1.75, ","Axial Lead ","NA ","0 ","0.0235 ",
"BZX79C4V7-T50A","Active","H Pb   ","4.7, ","0.5, ","3.90 x 1.75 x 1.75, ","Axial Lead ","NA ","0 ","0.0201 ",
"BZX79C11-T50A","Active","H Pb   ","11, ","-, ","3.90 x 1.75 x 1.75, ","Axial Lead ","NA ","0 ","0.0235 ",
"BZX79C3V9-T50A","Active","H Pb   ","3.9, ","0.5, ","3.90 x 1.75 x 1.75, ","Axial Lead ","NA ","0 ","0.0201 ",
"BZX79C15-T50R","Active","H Pb   ","15, ","0.5, ","3.90 x 1.75 x 1.75, ","Axial Lead ","NA ","0 ","0.0235 ",
"BZX79C15-T50A","Active","H Pb   ","15, ","0.5, ","3.90 x 1.75 x 1.75, ","Axial Lead ","NA ","0 ","0.0201 ",
"BZX79C3V3","Active","H Pb   ","3.3, ","0.5, ","3.90 x 1.75 x 1.75, ","Axial Lead ","NA ","0 ","0.0235 ",
"BZX79C3V9","Active","H Pb   ","3.9, ","0.5, ","3.90 x 1.75 x 1.75, ","Axial Lead ","NA ","0 ","0.0235 ",
"BZX79C3V6","Active","H Pb   ","3.6, ","0.5, ","3.90 x 1.75 x 1.75, ","Axial Lead ","NA ","0 ","0.0235 ",
"BZX79C7V5-T50A","Active","H Pb   ","7.5, ","0.5, ","3.90 x 1.75 x 1.75, ","Axial Lead ","NA ","0 ","0.0235 ",
"BZX79C13-T50A","Active","H Pb   ","13, ","-, ","3.90 x 1.75 x 1.75, ","Axial Lead ","NA ","0 ","0.0235 ",
"BZX79C2V4","Active","H Pb   ","2.4, ","0.5, ","3.90 x 1.75 x 1.75, ","Axial Lead ","NA ","0 ","0.0201 ",
"BZX79C2V7","Active","H Pb   ","2.7, ","0.5, ","3.90 x 1.75 x 1.75, ","Axial Lead ","NA ","0 ","0.0235 ",
"BZX79C6V8-T50A","Active","H Pb   ","6.8, ","0.5, ","3.90 x 1.75 x 1.75, ","Axial Lead ","NA ","0 ","0.0235 ",
"BZX79C6V8","Active","H Pb   ","6.8, ","0.5, ","3.90 x 1.75 x 1.75, ","Axial Lead ","NA ","0 ","0.0235 ",
"BZX79C6V2","Active","H Pb   ","6.2, ","0.5, ","3.90 x 1.75 x 1.75, ","Axial Lead ","NA ","0 ","0.0235 ",
"BZX79C18-T50A","Active","H Pb   ","18, ","0.5, ","3.90 x 1.75 x 1.75, ","Axial Lead ","NA ","0 ","0.0235 ",
"BZX79C5V6-T50A","Active","H Pb   ","5.6, ","0.5, ","3.90 x 1.75 x 1.75, ","Axial Lead ","NA ","0 ","0.0235 ",
"BZX79C2V7-T50A","Active","H Pb   ","2.7, ","-, ","3.90 x 1.75 x 1.75, ","Axial Lead ","NA ","0 ","0.0201 ",
"BZX79C6V2-T50R","Active","H Pb   ","6.2, ","0.5, ","3.90 x 1.75 x 1.75, ","Axial Lead ","NA ","0 ","0.0235 ",
"BZX79C9V1-T50A","Active","H Pb   ","9.1, ","-, ","3.90 x 1.75 x 1.75, ","Axial Lead ","NA ","0 ","0.0201 ",
"BZX79C6V2-T50A","Active","H Pb   ","6.2, ","0.5, ","3.90 x 1.75 x 1.75, ","Axial Lead ","NA ","0 ","0.0235 ",
"BZX79C10-T50A","Active","H Pb   ","10, ","0.5, ","3.90 x 1.75 x 1.75, ","Axial Lead ","NA ","0 ","0.0201 ",
"BZX79C12-T50A","Active","H Pb   ","12, ","0.5, ","3.90 x 1.75 x 1.75, ","Axial Lead ","NA ","0 ","0.0201 ",
"BZX79C5V6TR","Active","H Pb   ","5.6, ","0.5, ","3.90 x 1.75 x 1.75, ","Axial Lead ","NA ","0 ","0.0235 ",
"BZX79C12","Active","H Pb   ","12, ","0.5, ","3.90 x 1.75 x 1.75, ","Axial Lead ","NA ","0 ","0.0235 ",
"BZX79C10","Active","H Pb   ","10, ","0.5, ","3.90 x 1.75 x 1.75, ","Axial Lead ","NA ","0 ","0.0235 ",
"BZX79C11","Active","H Pb   ","11, ","0.5, ","3.90 x 1.75 x 1.75, ","Axial Lead ","NA ","0 ","0.0235 ",
"BZX79C15","Active","H Pb   ","15, ","0.5, ","3.90 x 1.75 x 1.75, ","Axial Lead ","NA ","0 ","0.0235 ",
"BZX79C2V4-T50A","Active","H Pb   ","2.4, ","0.5, ","3.90 x 1.75 x 1.75, ","Axial Lead ","NA ","0 ","0.0235 ",
"SZBZX84C9V1LT1G","Active","H Pb A P ","9.1, ","0.25, ","2.90 x 2.40 x 1.00, ","SOT-23 (TO-236) 2.90x1.30x1.00, 1.90P ","1 ","260 ","0.016 ",
"SZBZX84C39LT1G","Active","H Pb A P ","39, ","0.25, ","2.90 x 2.40 x 1.00, ","SOT-23 (TO-236) 2.90x1.30x1.00, 1.90P ","1 ","260 ","0.016 ",
"SZBZX84C9V1LT3G","Active","H Pb A P ","9.1, ","0.25, ","2.90 x 2.40 x 1.00, ","SOT-23 (TO-236) 2.90x1.30x1.00, 1.90P ","1 ","260 ","0.016 ",
"SZBZX84C2V7LT1G","Active","H Pb A P ","2.7, ","0.25, ","2.90 x 2.40 x 1.00, ","SOT-23 (TO-236) 2.90x1.30x1.00, 1.90P ","1 ","260 ","0.016 ",
"SZBZX84C39LT3G","Active","H Pb A P ","39, ","0.25, ","2.90 x 2.40 x 1.00, ","SOT-23 (TO-236) 2.90x1.30x1.00, 1.90P ","1 ","260 ","0.016 ",
"BZX84B9V1LT1G","Active","H Pb   ","9.1, ","0.25, ","2.90 x 2.40 x 1.00, ","SOT-23 (TO-236) 2.90x1.30x1.00, 1.90P ","1 ","260 ","0.0221 ",
"BZX84C33LT3G","Active","H Pb   ","33, ","0.25, ","2.90 x 2.40 x 1.00, ","SOT-23 (TO-236) 2.90x1.30x1.00, 1.90P ","1 ","260 ","0.0147 ",
"SZBZX84C62LT1G","Active","H Pb A P ","62, ","0.25, ","2.90 x 2.40 x 1.00, ","SOT-23 (TO-236) 2.90x1.30x1.00, 1.90P ","1 ","260 ","0.016 ",
"BZX84C33LT1G","Active","H Pb   ","33, ","0.25, ","2.90 x 2.40 x 1.00, ","SOT-23 (TO-236) 2.90x1.30x1.00, 1.90P ","1 ","260 ","0.0147 ",
"BZX84B27LT1G","Active","H Pb   ","27, ","0.25, ","2.90 x 2.40 x 1.00, ","SOT-23 (TO-236) 2.90x1.30x1.00, 1.90P ","1 ","260 ","0.0221 ",
"SZBZX84C7V5LT1G","Active","H Pb A P ","7.5, ","0.25, ","2.90 x 2.40 x 1.00, ","SOT-23 (TO-236) 2.90x1.30x1.00, 1.90P ","1 ","260 ","0.016 ",
"SZBZX84C10LT1G","Active","H Pb A P ","10, ","0.25, ","2.90 x 2.40 x 1.00, ","SOT-23 (TO-236) 2.90x1.30x1.00, 1.90P ","1 ","260 ","0.016 ",
"BZX84C2V4LT1G","Active","H Pb   ","2.4, ","0.25, ","2.90 x 2.40 x 1.00, ","SOT-23 (TO-236) 2.90x1.30x1.00, 1.90P ","1 ","260 ","0.0147 ",
"BZX84C5V6LT3G","Active","H Pb   ","5.6, ","0.25, ","2.90 x 2.40 x 1.00, ","SOT-23 (TO-236) 2.90x1.30x1.00, 1.90P ","1 ","260 ","0.0147 ",
"SZBZX84C4V3LT1G","Active","H Pb A P ","4.3, ","0.25, ","2.90 x 2.40 x 1.00, ","SOT-23 (TO-236) 2.90x1.30x1.00, 1.90P ","1 ","260 ","0.016 ",
"SZBZX84C8V2LT1G","Active","H Pb A P ","8.2, ","0.25, ","2.90 x 2.40 x 1.00, ","SOT-23 (TO-236) 2.90x1.30x1.00, 1.90P ","1 ","260 ","0.016 ",
"BZX84C24LT1G","Active","H Pb   ","24, ","0.25, ","2.90 x 2.40 x 1.00, ","SOT-23 (TO-236) 2.90x1.30x1.00, 1.90P ","1 ","260 ","0.0147 ",
"SZBZX84C7V5LT3G","Active","H Pb A P ","7.5, ","0.25, ","2.90 x 2.40 x 1.00, ","SOT-23 (TO-236) 2.90x1.30x1.00, 1.90P ","1 ","260 ","0.016 ",
"BZX84C51LT1G","Active","H Pb   ","51, ","0.25, ","2.90 x 2.40 x 1.00, ","SOT-23 (TO-236) 2.90x1.30x1.00, 1.90P ","1 ","260 ","0.0147 ",
"BZX84B7V5LT1G","Active","H Pb   ","7.5, ","0.25, ","2.90 x 2.40 x 1.00, ","SOT-23 (TO-236) 2.90x1.30x1.00, 1.90P ","1 ","260 ","0.0221 ",
"BZX84C5V6LT1G","Active","H Pb   ","5.6, ","0.25, ","2.90 x 2.40 x 1.00, ","SOT-23 (TO-236) 2.90x1.30x1.00, 1.90P ","1 ","260 ","0.0147 ",
"SZBZX84B6V2LT1G","Active","H Pb A P ","6.2, ","0.25, ","2.90 x 2.40 x 1.00, ","SOT-23 (TO-236) 2.90x1.30x1.00, 1.90P ","1 ","260 ","0.0244 ",
"SZBZX84C12LT3G","Active","H Pb A P ","12, ","0.25, ","2.90 x 2.40 x 1.00, ","SOT-23 (TO-236) 2.90x1.30x1.00, 1.90P ","1 ","260 ","0.016 ",
"BZX84B18LT1G","Active","H Pb   ","18, ","0.25, ","2.90 x 2.40 x 1.00, ","SOT-23 (TO-236) 2.90x1.30x1.00, 1.90P ","1 ","260 ","0.0221 ",
"SZBZX84B5V1LT1G","Active","H Pb A P ","5.1, ","0.25, ","2.90 x 2.40 x 1.00, ","SOT-23 (TO-236) 2.90x1.30x1.00, 1.90P ","1 ","260 ","0.0244 ",
"SZBZX84C51LT1G","Active","H Pb A P ","51, ","0.25, ","2.90 x 2.40 x 1.00, ","SOT-23 (TO-236) 2.90x1.30x1.00, 1.90P ","1 ","260 ","0.016 ",
"BZX84C3V3LT1G","Active","H Pb   ","3.3, ","0.25, ","2.90 x 2.40 x 1.00, ","SOT-23 (TO-236) 2.90x1.30x1.00, 1.90P ","1 ","260 ","0.0147 ",
"BZX84B16LT1G","Active","H Pb   ","16, ","0.25, ","2.90 x 2.40 x 1.00, ","SOT-23 (TO-236) 2.90x1.30x1.00, 1.90P ","1 ","260 ","0.0221 ",
"SZBZX84C3V0LT1G","Active","H Pb A P ","3, ","0.25, ","2.90 x 2.40 x 1.00, ","SOT-23 (TO-236) 2.90x1.30x1.00, 1.90P ","1 ","260 ","0.016 ",
"SZBZX84B24LT1G","Active","H Pb A P ","24, ","0.25, ","2.90 x 2.40 x 1.00, ","SOT-23 (TO-236) 2.90x1.30x1.00, 1.90P ","1 ","260 ","0.0244 ",
"SZBZX84C8V2LT3G","Active","H Pb A P ","8.2, ","0.25, ","2.90 x 2.40 x 1.00, ","SOT-23 (TO-236) 2.90x1.30x1.00, 1.90P ","1 ","260 ","0.016 ",
"BZX84B4V7LT1G","Active","H Pb   ","4.7, ","0.25, ","2.90 x 2.40 x 1.00, ","SOT-23 (TO-236) 2.90x1.30x1.00, 1.90P ","1 ","260 ","0.0221 ",
"BZX84C15LT1G","Active","H Pb   ","15, ","0.25, ","2.90 x 2.40 x 1.00, ","SOT-23 (TO-236) 2.90x1.30x1.00, 1.90P ","1 ","260 ","0.0147 ",
"SZBZX84B22LT1G","Active","H Pb A P ","22, ","0.25, ","2.90 x 2.40 x 1.00, ","SOT-23 (TO-236) 2.90x1.30x1.00, 1.90P ","1 ","260 ","0.0244 ",
"BZX84C13LT1G","Active","H Pb   ","13, ","0.25, ","2.90 x 2.40 x 1.00, ","SOT-23 (TO-236) 2.90x1.30x1.00, 1.90P ","1 ","260 ","0.0147 ",
"BZX84C15LT3G","Active","H Pb   ","15, ","0.25, ","2.90 x 2.40 x 1.00, ","SOT-23 (TO-236) 2.90x1.30x1.00, 1.90P ","1 ","260 ","0.0147 ",
"BZX84B6V8LT1G","Active","H Pb   ","6.8, ","0.25, ","2.90 x 2.40 x 1.00, ","SOT-23 (TO-236) 2.90x1.30x1.00, 1.90P ","1 ","260 ","0.0221 ",
"SZBZX84B7V5LT1G","Active","H Pb A P ","7.5, ","0.25, ","2.90 x 2.40 x 1.00, ","SOT-23 (TO-236) 2.90x1.30x1.00, 1.90P ","1 ","260 ","0.0244 ",
"SZBZX84B6V8LT1G","Active","H Pb A P ","6.8, ","0.25, ","2.90 x 2.40 x 1.00, ","SOT-23 (TO-236) 2.90x1.30x1.00, 1.90P ","1 ","260 ","0.0244 ",
"BZX84C10LT1G","Active","H Pb   ","10, ","0.25, ","2.90 x 2.40 x 1.00, ","SOT-23 (TO-236) 2.90x1.30x1.00, 1.90P ","1 ","260 ","0.0147 ",
"BZX84C4V3LT1G","Active","H Pb   ","4.3, ","0.25, ","2.90 x 2.40 x 1.00, ","SOT-23 (TO-236) 2.90x1.30x1.00, 1.90P ","1 ","260 ","0.0147 ",
"SZBZX84C15LT1G","Active","H Pb A P ","15, ","0.25, ","2.90 x 2.40 x 1.00, ","SOT-23 (TO-236) 2.90x1.30x1.00, 1.90P ","1 ","260 ","0.016 ",
"SZBZX84C15LT3G","Active","H Pb A P ","15, ","0.25, ","2.90 x 2.40 x 1.00, ","SOT-23 (TO-236) 2.90x1.30x1.00, 1.90P ","1 ","260 ","0.016 ",
"BZX84C4V3LT3G","Active","H Pb   ","4.3, ","0.25, ","2.90 x 2.40 x 1.00, ","SOT-23 (TO-236) 2.90x1.30x1.00, 1.90P ","1 ","260 ","0.0147 ",
"BZX84B12LT1G","Active","H Pb   ","12, ","0.25, ","2.90 x 2.40 x 1.00, ","SOT-23 (TO-236) 2.90x1.30x1.00, 1.90P ","1 ","260 ","0.0221 ",
"SZBZX84B3V3LT1G","Active","H Pb A P ","3.3, ","0.25, ","2.90 x 2.40 x 1.00, ","SOT-23 (TO-236) 2.90x1.30x1.00, 1.90P ","1 ","260 ","0.0244 ",
"SZBZX84B9V1LT3G","Active","H Pb A P ","9.1, ","0.25, ","2.90 x 2.40 x 1.00, ","SOT-23 (TO-236) 2.90x1.30x1.00, 1.90P ","1 ","260 ","0.0244 ",
"SZBZX84C24LT1G","Active","H Pb A P ","24, ","0.25, ","2.90 x 2.40 x 1.00, ","SOT-23 (TO-236) 2.90x1.30x1.00, 1.90P ","1 ","260 ","0.016 ",
"SZBZX84B9V1LT1G","Active","H Pb A P ","9.1, ","0.25, ","2.90 x 2.40 x 1.00, ","SOT-23 (TO-236) 2.90x1.30x1.00, 1.90P ","1 ","260 ","0.0244 ",
"BZX84C47LT1G","Active","H Pb   ","47, ","0.25, ","2.90 x 2.40 x 1.00, ","SOT-23 (TO-236) 2.90x1.30x1.00, 1.90P ","1 ","260 ","0.0147 ",
"BZX84C75LT1G","Active","H Pb   ","75, ","0.25, ","2.90 x 2.40 x 1.00, ","SOT-23 (TO-236) 2.90x1.30x1.00, 1.90P ","1 ","260 ","0.0147 ",
"BZX84C68LT1G","Active","H Pb   ","68, ","0.25, ","2.90 x 2.40 x 1.00, ","SOT-23 (TO-236) 2.90x1.30x1.00, 1.90P ","1 ","260 ","0.0147 ",
"BZX84C4V7LT1G","Active","H Pb   ","4.7, ","0.25, ","2.90 x 2.40 x 1.00, ","SOT-23 (TO-236) 2.90x1.30x1.00, 1.90P ","1 ","260 ","0.0147 ",
"SZBZX84B15LT1G","Active","H Pb A P ","15, ","0.25, ","2.90 x 2.40 x 1.00, ","SOT-23 (TO-236) 2.90x1.30x1.00, 1.90P ","1 ","260 ","0.0244 ",
"SZBZX84C43LT1G","Active","H Pb A P ","43, ","0.25, ","2.90 x 2.40 x 1.00, ","SOT-23 (TO-236) 2.90x1.30x1.00, 1.90P ","1 ","260 ","0.016 ",
"SZBZX84C75LT1G","Active","H Pb A P ","75, ","0.25, ","2.90 x 2.40 x 1.00, ","SOT-23 (TO-236) 2.90x1.30x1.00, 1.90P ","1 ","260 ","0.016 ",
"BZX84C62LT1G","Active","H Pb   ","62, ","0.25, ","2.90 x 2.40 x 1.00, ","SOT-23 (TO-236) 2.90x1.30x1.00, 1.90P ","1 ","260 ","0.0147 ",
"SZBZX84C13LT3G","Active","H Pb A P ","13, ","0.25, ","2.90 x 2.40 x 1.00, ","SOT-23 (TO-236) 2.90x1.30x1.00, 1.90P ","1 ","260 ","0.016 ",
"SZBZX84C13LT1G","Active","H Pb A P ","13, ","0.25, ","2.90 x 2.40 x 1.00, ","SOT-23 (TO-236) 2.90x1.30x1.00, 1.90P ","1 ","260 ","0.016 ",
"BZX84C4V7LT3G","Active","H Pb   ","4.7, ","0.25, ","2.90 x 2.40 x 1.00, ","SOT-23 (TO-236) 2.90x1.30x1.00, 1.90P ","1 ","260 ","0.0147 ",
"BZX84B5V1LT1G","Active","H Pb   ","5.1, ","0.25, ","2.90 x 2.40 x 1.00, ","SOT-23 (TO-236) 2.90x1.30x1.00, 1.90P ","1 ","260 ","0.0221 ",
"SZBZX84C3V9LT1G","Active","H Pb A P ","3.9, ","0.25, ","2.90 x 2.40 x 1.00, ","SOT-23 (TO-236) 2.90x1.30x1.00, 1.90P ","1 ","260 ","0.016 ",
"SZBZX84C4V7LT3G","Active","H Pb A P ","4.7, ","0.25, ","2.90 x 2.40 x 1.00, ","SOT-23 (TO-236) 2.90x1.30x1.00, 1.90P ","1 ","260 ","0.016 ",
"SZBZX84C30LT1G","Active","H Pb A P ","30, ","0.25, ","2.90 x 2.40 x 1.00, ","SOT-23 (TO-236) 2.90x1.30x1.00, 1.90P ","1 ","260 ","0.016 ",
"BZX84C2V7LT1G","Active","H Pb   ","2.7, ","0.25, ","2.90 x 2.40 x 1.00, ","SOT-23 (TO-236) 2.90x1.30x1.00, 1.90P ","1 ","260 ","0.0147 ",
"BZX84C3V9LT1G","Active","H Pb   ","3.9, ","0.25, ","2.90 x 2.40 x 1.00, ","SOT-23 (TO-236) 2.90x1.30x1.00, 1.90P ","1 ","260 ","0.0147 ",
"BZX84C36LT1G","Active","H Pb   ","36, ","0.25, ","2.90 x 2.40 x 1.00, ","SOT-23 (TO-236) 2.90x1.30x1.00, 1.90P ","1 ","260 ","0.0147 ",
"SZBZX84C4V7LT1G","Active","H Pb A P ","4.7, ","0.25, ","2.90 x 2.40 x 1.00, ","SOT-23 (TO-236) 2.90x1.30x1.00, 1.90P ","1 ","260 ","0.016 ",
"BZX84C18LT3G","Active","H Pb   ","18, ","0.25, ","2.90 x 2.40 x 1.00, ","SOT-23 (TO-236) 2.90x1.30x1.00, 1.90P ","1 ","260 ","0.0147 ",
"SZBZX84C47LT3G","Active","H Pb A P ","47, ","0.25, ","2.90 x 2.40 x 1.00, ","SOT-23 (TO-236) 2.90x1.30x1.00, 1.90P ","1 ","260 ","0.016 ",
"SZBZX84B4V7LT1G","Active","H Pb A P ","4.7, ","0.25, ","2.90 x 2.40 x 1.00, ","SOT-23 (TO-236) 2.90x1.30x1.00, 1.90P ","1 ","260 ","0.0244 ",
"SZBZX84C47LT1G","Active","H Pb A P ","47, ","0.25, ","2.90 x 2.40 x 1.00, ","SOT-23 (TO-236) 2.90x1.30x1.00, 1.90P ","1 ","260 ","0.016 ",
"SZBZX84B12LT1G","Active","H Pb A P ","12, ","0.25, ","2.90 x 2.40 x 1.00, ","SOT-23 (TO-236) 2.90x1.30x1.00, 1.90P ","1 ","260 ","0.0244 ",
"SZBZX84C56LT1G","Active","H Pb A P ","56, ","0.25, ","2.90 x 2.40 x 1.00, ","SOT-23 (TO-236) 2.90x1.30x1.00, 1.90P ","1 ","260 ","0.016 ",
"BZX84C16LT1G","Active","H Pb   ","16, ","0.25, ","2.90 x 2.40 x 1.00, ","SOT-23 (TO-236) 2.90x1.30x1.00, 1.90P ","1 ","260 ","0.0147 ",
"BZX84C27LT1G","Active","H Pb   ","27, ","0.25, ","2.90 x 2.40 x 1.00, ","SOT-23 (TO-236) 2.90x1.30x1.00, 1.90P ","1 ","260 ","0.0147 ",
"BZX84B3V3LT1G","Active","H Pb   ","3.3, ","0.25, ","2.90 x 2.40 x 1.00, ","SOT-23 (TO-236) 2.90x1.30x1.00, 1.90P ","1 ","260 ","0.0221 ",
"SZBZX84C3V3LT3G","Active","H Pb A P ","3.3, ","0.25, ","2.90 x 2.40 x 1.00, ","SOT-23 (TO-236) 2.90x1.30x1.00, 1.90P ","1 ","260 ","0.016 ",
"SZBZX84C3V3LT1G","Active","H Pb A P ","3.3, ","0.25, ","2.90 x 2.40 x 1.00, ","SOT-23 (TO-236) 2.90x1.30x1.00, 1.90P ","1 ","260 ","0.016 ",
"SZBZX84C11LT3G","Active","H Pb A P ","11, ","0.25, ","2.90 x 2.40 x 1.00, ","SOT-23 (TO-236) 2.90x1.30x1.00, 1.90P ","1 ","260 ","0.016 ",
"SZBZX84B10LT1G","Active","H Pb A P ","10, ","0.25, ","2.90 x 2.40 x 1.00, ","SOT-23 (TO-236) 2.90x1.30x1.00, 1.90P ","1 ","260 ","0.0244 ",
"SZBZX84C11LT1G","Active","H Pb A P ","11, ","0.25, ","2.90 x 2.40 x 1.00, ","SOT-23 (TO-236) 2.90x1.30x1.00, 1.90P ","1 ","260 ","0.016 ",
"BZX84C18LT1G","Active","H Pb   ","18, ","0.25, ","2.90 x 2.40 x 1.00, ","SOT-23 (TO-236) 2.90x1.30x1.00, 1.90P ","1 ","260 ","0.0147 ",
"SZBZX84C20LT1G","Active","H Pb A P ","20, ","0.25, ","2.90 x 2.40 x 1.00, ","SOT-23 (TO-236) 2.90x1.30x1.00, 1.90P ","1 ","260 ","0.016 ",
"BZX84C30LT1G","Active","H Pb   ","30, ","0.25, ","2.90 x 2.40 x 1.00, ","SOT-23 (TO-236) 2.90x1.30x1.00, 1.90P ","1 ","260 ","0.0147 ",
"BZX84C7V5LT1G","Active","H Pb   ","7.5, ","0.25, ","2.90 x 2.40 x 1.00, ","SOT-23 (TO-236) 2.90x1.30x1.00, 1.90P ","1 ","260 ","0.0147 ",
"BZX84C8V2LT1G","Active","H Pb   ","8.2, ","0.25, ","2.90 x 2.40 x 1.00, ","SOT-23 (TO-236) 2.90x1.30x1.00, 1.90P ","1 ","260 ","0.0147 ",
"BZX84B10LT1G","Active","H Pb   ","10, ","0.25, ","2.90 x 2.40 x 1.00, ","SOT-23 (TO-236) 2.90x1.30x1.00, 1.90P ","1 ","260 ","0.0221 ",
"BZX84C6V2LT3G","Active","H Pb   ","6.2, ","0.25, ","2.90 x 2.40 x 1.00, ","SOT-23 (TO-236) 2.90x1.30x1.00, 1.90P ","1 ","260 ","0.0147 ",
"SZBZX84C36LT1G","Active","H Pb A P ","36, ","0.25, ","2.90 x 2.40 x 1.00, ","SOT-23 (TO-236) 2.90x1.30x1.00, 1.90P ","1 ","260 ","0.016 ",
"BZX84C6V2LT1G","Active","H Pb   ","6.2, ","0.25, ","2.90 x 2.40 x 1.00, ","SOT-23 (TO-236) 2.90x1.30x1.00, 1.90P ","1 ","260 ","0.0147 ",
"SZBZX84C5V1LT1G","Active","H Pb A P ","5.1, ","0.25, ","2.90 x 2.40 x 1.00, ","SOT-23 (TO-236) 2.90x1.30x1.00, 1.90P ","1 ","260 ","0.016 ",
"SZBZX84C5V1LT3G","Active","H Pb A P ","5.1, ","0.25, ","2.90 x 2.40 x 1.00, ","SOT-23 (TO-236) 2.90x1.30x1.00, 1.90P ","1 ","260 ","0.016 ",
"SZBZX84C36LT3G","Active","H Pb A P ","36, ","0.25, ","2.90 x 2.40 x 1.00, ","SOT-23 (TO-236) 2.90x1.30x1.00, 1.90P ","1 ","260 ","0.016 ",
"BZX84B15LT1G","Active","H Pb   ","15, ","0.25, ","2.90 x 2.40 x 1.00, ","SOT-23 (TO-236) 2.90x1.30x1.00, 1.90P ","1 ","260 ","0.0221 ",
"BZX84C12LT1G","Active","H Pb   ","12, ","0.25, ","2.90 x 2.40 x 1.00, ","SOT-23 (TO-236) 2.90x1.30x1.00, 1.90P ","1 ","260 ","0.0147 ",
"BZX84C9V1LT1G","Active","H Pb   ","9.1, ","0.25, ","2.90 x 2.40 x 1.00, ","SOT-23 (TO-236) 2.90x1.30x1.00, 1.90P ","1 ","260 ","0.0147 ",
"SZBZX84C22LT3G","Active","H Pb A P ","22, ","0.25, ","2.90 x 2.40 x 1.00, ","SOT-23 (TO-236) 2.90x1.30x1.00, 1.90P ","1 ","260 ","0.016 ",
"BZX84C43LT1G","Active","H Pb   ","43, ","0.25, ","2.90 x 2.40 x 1.00, ","SOT-23 (TO-236) 2.90x1.30x1.00, 1.90P ","1 ","260 ","0.0147 ",
"BZX84C9V1LT3G","Active","H Pb   ","9.1, ","0.25, ","2.90 x 2.40 x 1.00, ","SOT-23 (TO-236) 2.90x1.30x1.00, 1.90P ","1 ","260 ","0.0147 ",
"BZX84C3V0LT1G","Active","H Pb   ","3, ","0.25, ","2.90 x 2.40 x 1.00, ","SOT-23 (TO-236) 2.90x1.30x1.00, 1.90P ","1 ","260 ","0.0147 ",
"BZX84C56LT1G","Active","H Pb   ","56, ","0.25, ","2.90 x 2.40 x 1.00, ","SOT-23 (TO-236) 2.90x1.30x1.00, 1.90P ","1 ","260 ","0.0147 ",
"BZX84C5V1LT1G","Active","H Pb   ","5.1, ","0.25, ","2.90 x 2.40 x 1.00, ","SOT-23 (TO-236) 2.90x1.30x1.00, 1.90P ","1 ","260 ","0.0147 ",
"SZBZX84B5V6LT1G","Active","H Pb A P ","5.6, ","0.25, ","2.90 x 2.40 x 1.00, ","SOT-23 (TO-236) 2.90x1.30x1.00, 1.90P ","1 ","260 ","0.0244 ",
"BZX84C5V1LT3G","Active","H Pb   ","5.1, ","0.25, ","2.90 x 2.40 x 1.00, ","SOT-23 (TO-236) 2.90x1.30x1.00, 1.90P ","1 ","260 ","0.0147 ",
"SZBZX84C22LT1G","Active","H Pb A P ","22, ","0.25, ","2.90 x 2.40 x 1.00, ","SOT-23 (TO-236) 2.90x1.30x1.00, 1.90P ","1 ","260 ","0.016 ",
"SZBZX84C5V6LT3G","Active","H Pb A P ","5.6, ","0.25, ","2.90 x 2.40 x 1.00, ","SOT-23 (TO-236) 2.90x1.30x1.00, 1.90P ","1 ","260 ","0.016 ",
"SZBZX84C16LT3G","Active","H Pb A P ","16, ","0.25, ","2.90 x 2.40 x 1.00, ","SOT-23 (TO-236) 2.90x1.30x1.00, 1.90P ","1 ","260 ","0.016 ",
"BZX84B5V6LT1G","Active","H Pb   ","5.6, ","0.25, ","2.90 x 2.40 x 1.00, ","SOT-23 (TO-236) 2.90x1.30x1.00, 1.90P ","1 ","260 ","0.0221 ",
"SZBZX84C5V6LT1G","Active","H Pb A P ","5.6, ","0.25, ","2.90 x 2.40 x 1.00, ","SOT-23 (TO-236) 2.90x1.30x1.00, 1.90P ","1 ","260 ","0.016 ",
"SZBZX84B27LT1G","Active","H Pb A P ","27, ","0.25, ","2.90 x 2.40 x 1.00, ","SOT-23 (TO-236) 2.90x1.30x1.00, 1.90P ","1 ","260 ","0.0244 ",
"SZBZX84C6V2LT1G","Active","H Pb A P ","6.2, ","0.25, ","2.90 x 2.40 x 1.00, ","SOT-23 (TO-236) 2.90x1.30x1.00, 1.90P ","1 ","260 ","0.016 ",
"BZX84B6V2LT1G","Active","H Pb   ","6.2, ","0.25, ","2.90 x 2.40 x 1.00, ","SOT-23 (TO-236) 2.90x1.30x1.00, 1.90P ","1 ","260 ","0.0221 ",
"SZBZX84C6V2LT3G","Active","H Pb A P ","6.2, ","0.25, ","2.90 x 2.40 x 1.00, ","SOT-23 (TO-236) 2.90x1.30x1.00, 1.90P ","1 ","260 ","0.016 ",
"BZX84C11LT1G","Active","H Pb   ","11, ","0.25, ","2.90 x 2.40 x 1.00, ","SOT-23 (TO-236) 2.90x1.30x1.00, 1.90P ","1 ","260 ","0.0147 ",
"SZBZX84B18LT1G","Active","H Pb A P ","18, ","0.25, ","2.90 x 2.40 x 1.00, ","SOT-23 (TO-236) 2.90x1.30x1.00, 1.90P ","1 ","260 ","0.0244 ",
"BZX84C3V6LT1G","Active","H Pb   ","3.6, ","0.25, ","2.90 x 2.40 x 1.00, ","SOT-23 (TO-236) 2.90x1.30x1.00, 1.90P ","1 ","260 ","0.0147 ",
"BZX84B22LT1G","Active","H Pb   ","22, ","0.25, ","2.90 x 2.40 x 1.00, ","SOT-23 (TO-236) 2.90x1.30x1.00, 1.90P ","1 ","260 ","0.0221 ",
"BZX84C39LT1G","Active","H Pb   ","39, ","0.25, ","2.90 x 2.40 x 1.00, ","SOT-23 (TO-236) 2.90x1.30x1.00, 1.90P ","1 ","260 ","0.0147 ",
"SZBZX84C68LT1G","Active","H Pb A P ","68, ","0.25, ","2.90 x 2.40 x 1.00, ","SOT-23 (TO-236) 2.90x1.30x1.00, 1.90P ","1 ","260 ","0.016 ",
"SZBZX84C33LT3G","Active","H Pb A P ","33, ","0.25, ","2.90 x 2.40 x 1.00, ","SOT-23 (TO-236) 2.90x1.30x1.00, 1.90P ","1 ","260 ","0.016 ",
"BZX84B24LT1G","Active","H Pb   ","24, ","0.25, ","2.90 x 2.40 x 1.00, ","SOT-23 (TO-236) 2.90x1.30x1.00, 1.90P ","1 ","260 ","0.0221 ",
"SZBZX84C33LT1G","Active","H Pb A P ","33, ","0.25, ","2.90 x 2.40 x 1.00, ","SOT-23 (TO-236) 2.90x1.30x1.00, 1.90P ","1 ","260 ","0.016 ",
"SZBZX84C27LT3G","Active","H Pb A P ","27, ","0.25, ","2.90 x 2.40 x 1.00, ","SOT-23 (TO-236) 2.90x1.30x1.00, 1.90P ","1 ","260 ","0.016 ",
"SZBZX84B8V2LT1G","Active","H Pb A P ","8.2, ","0.25, ","2.90 x 2.40 x 1.00, ","SOT-23 (TO-236) 2.90x1.30x1.00, 1.90P ","1 ","260 ","0.0244 ",
"BZX84C22LT1G","Active","H Pb   ","22, ","0.25, ","2.90 x 2.40 x 1.00, ","SOT-23 (TO-236) 2.90x1.30x1.00, 1.90P ","1 ","260 ","0.0147 ",
"BZX84C6V8LT1G","Active","H Pb   ","6.8, ","0.25, ","2.90 x 2.40 x 1.00, ","SOT-23 (TO-236) 2.90x1.30x1.00, 1.90P ","1 ","260 ","0.0147 ",
"SZBZX84C12LT1G","Active","H Pb A P ","12, ","0.25, ","2.90 x 2.40 x 1.00, ","SOT-23 (TO-236) 2.90x1.30x1.00, 1.90P ","1 ","260 ","0.016 ",
"SZBZX84C27LT1G","Active","H Pb A P ","27, ","0.25, ","2.90 x 2.40 x 1.00, ","SOT-23 (TO-236) 2.90x1.30x1.00, 1.90P ","1 ","260 ","0.016 ",
"BZX84C6V8LT3G","Active","H Pb   ","6.8, ","0.25, ","2.90 x 2.40 x 1.00, ","SOT-23 (TO-236) 2.90x1.30x1.00, 1.90P ","1 ","260 ","0.0147 ",
"SZBZX84C18LT1G","Active","H Pb A P ","18, ","0.25, ","2.90 x 2.40 x 1.00, ","SOT-23 (TO-236) 2.90x1.30x1.00, 1.90P ","1 ","260 ","0.016 ",
"BZX84B8V2LT1G","Active","H Pb   ","8.2, ","0.25, ","2.90 x 2.40 x 1.00, ","SOT-23 (TO-236) 2.90x1.30x1.00, 1.90P ","1 ","260 ","0.0221 ",
"SZBZX84C2V4LT1G","Active","H Pb A P ","2.4, ","0.25, ","2.90 x 2.40 x 1.00, ","SOT-23 (TO-236) 2.90x1.30x1.00, 1.90P ","1 ","260 ","0.016 ",
"BZX84C20LT1G","Active","H Pb   ","20, ","0.25, ","2.90 x 2.40 x 1.00, ","SOT-23 (TO-236) 2.90x1.30x1.00, 1.90P ","1 ","260 ","0.0147 ",
"SZBZX84C6V8LT1G","Active","H Pb A P ","6.8, ","0.25, ","2.90 x 2.40 x 1.00, ","SOT-23 (TO-236) 2.90x1.30x1.00, 1.90P ","1 ","260 ","0.016 ",
"SZBZX84C18LT3G","Active","H Pb A P ","18, ","0.25, ","2.90 x 2.40 x 1.00, ","SOT-23 (TO-236) 2.90x1.30x1.00, 1.90P ","1 ","260 ","0.016 ",
"SZBZX84C3V6LT1G","Active","H Pb A P ","3.6, ","0.25, ","2.90 x 2.40 x 1.00, ","SOT-23 (TO-236) 2.90x1.30x1.00, 1.90P ","1 ","260 ","0.016 ",
"SZBZX84C3V6LT3G","Active","H Pb A P ","3.6, ","0.25, ","2.90 x 2.40 x 1.00, ","SOT-23 (TO-236) 2.90x1.30x1.00, 1.90P ","1 ","260 ","0.016 ",
"SZBZX84B16LT1G","Active","H Pb A P ","16, ","0.25, ","2.90 x 2.40 x 1.00, ","SOT-23 (TO-236) 2.90x1.30x1.00, 1.90P ","1 ","260 ","0.0244 ",
"SZBZX84C6V8LT3G","Active","H Pb A P ","6.8, ","0.25, ","2.90 x 2.40 x 1.00, ","SOT-23 (TO-236) 2.90x1.30x1.00, 1.90P ","1 ","260 ","0.016 ",
"SZBZX84C16LT1G","Active","H Pb A P ","16, ","0.25, ","2.90 x 2.40 x 1.00, ","SOT-23 (TO-236) 2.90x1.30x1.00, 1.90P ","1 ","260 ","0.016 ",
"SZBZX84C4V3ET1G","Active","H Pb A P ","4.3, ","0.225, ","2.90 x 2.40 x 1.00, ","SOT-23 (TO-236) 2.90x1.30x1.00, 1.90P ","1 ","260 ","0.0225 ",
"SZBZX84C12ET3G","Active","H Pb A P ","12, ","0.225, ","2.90 x 2.40 x 1.00, ","SOT-23 (TO-236) 2.90x1.30x1.00, 1.90P ","1 ","260 ","0.0247 ",
"SZBZX84C12ET1G","Active","H Pb A P ","12, ","0.225, ","2.90 x 2.40 x 1.00, ","SOT-23 (TO-236) 2.90x1.30x1.00, 1.90P ","1 ","260 ","0.0247 ",
"SZBZX84C3V6ET1G","Active","H Pb A P ","3.6, ","0.225, ","2.90 x 2.40 x 1.00, ","SOT-23 (TO-236) 2.90x1.30x1.00, 1.90P ","1 ","260 ","0.0247 ",
"BZX84C5V6ET3G","Active","H Pb   ","5.6, ","0.225, ","2.90 x 2.40 x 1.00, ","SOT-23 (TO-236) 2.90x1.30x1.00, 1.90P ","1 ","260 ","0.0227 ",
"SZBZX84C7V5ET1G","Active","H Pb A P ","7.5, ","0.225, ","2.90 x 2.40 x 1.00, ","SOT-23 (TO-236) 2.90x1.30x1.00, 1.90P ","1 ","260 ","0.0227 ",
"SZBZX84C9V1ET1G","Active","H Pb A P ","9.1, ","0.225, ","2.90 x 2.40 x 1.00, ","SOT-23 (TO-236) 2.90x1.30x1.00, 1.90P ","1 ","260 ","0.0225 ",
"SZBZX84C9V1ET3G","Active","H Pb A P ","9.1, ","0.225, ","2.90 x 2.40 x 1.00, ","SOT-23 (TO-236) 2.90x1.30x1.00, 1.90P ","1 ","260 ","0.0225 ",
"SZBZX84C8V2ET3G","Active","H Pb A P ","8.2, ","0.225, ","2.90 x 2.40 x 1.00, ","SOT-23 (TO-236) 2.90x1.30x1.00, 1.90P ","1 ","260 ","0.0247 ",
"SZBZX84C39ET1G","Active","H Pb A P ","39, ","0.225, ","2.90 x 2.40 x 1.00, ","SOT-23 (TO-236) 2.90x1.30x1.00, 1.90P ","1 ","260 ","0.0247 ",
"SZBZX84C8V2ET1G","Active","H Pb A P ","8.2, ","0.225, ","2.90 x 2.40 x 1.00, ","SOT-23 (TO-236) 2.90x1.30x1.00, 1.90P ","1 ","260 ","0.0247 ",
"SZBZX84C68ET1G","Active","H Pb A P ","68, ","0.225, ","2.90 x 2.40 x 1.00, ","SOT-23 (TO-236) 2.90x1.30x1.00, 1.90P ","1 ","260 ","0.0247 ",
"SZBZX84C10ET1G","Active","H Pb A P ","10, ","0.225, ","2.90 x 2.40 x 1.00, ","SOT-23 (TO-236) 2.90x1.30x1.00, 1.90P ","1 ","260 ","0.0247 ",
"SZBZX84C3V0ET1G","Active","H Pb A P ","3, ","0.225, ","2.90 x 2.40 x 1.00, ","SOT-23 (TO-236) 2.90x1.30x1.00, 1.90P ","1 ","260 ","0.0225 ",
"SZBZX84C51ET1G","Active","H Pb A P ","51, ","0.225, ","2.90 x 2.40 x 1.00, ","SOT-23 (TO-236) 2.90x1.30x1.00, 1.90P ","1 ","260 ","0.0225 ",
"SZBZX84C43ET1G","Active","H Pb A P ","43, ","0.225, ","2.90 x 2.40 x 1.00, ","SOT-23 (TO-236) 2.90x1.30x1.00, 1.90P ","1 ","260 ","0.0225 ",
"SZBZX84C15ET1G","Active","H Pb A P ","15, ","0.225, ","2.90 x 2.40 x 1.00, ","SOT-23 (TO-236) 2.90x1.30x1.00, 1.90P ","1 ","260 ","0.0247 ",
"SZBZX84C36ET1G","Active","H Pb A P ","36, ","0.225, ","2.90 x 2.40 x 1.00, ","SOT-23 (TO-236) 2.90x1.30x1.00, 1.90P ","1 ","260 ","0.0247 ",
"SZBZX84C15ET3G","Active","H Pb A P ","15, ","0.225, ","2.90 x 2.40 x 1.00, ","SOT-23 (TO-236) 2.90x1.30x1.00, 1.90P ","1 ","260 ","0.0247 ",
"SZBZX84C62ET1G","Active","H Pb A P ","62, ","0.225, ","2.90 x 2.40 x 1.00, ","SOT-23 (TO-236) 2.90x1.30x1.00, 1.90P ","1 ","260 ","0.0225 ",
"SZBZX84C4V7ET1G","Active","H Pb A P ","4.7, ","0.225, ","2.90 x 2.40 x 1.00, ","SOT-23 (TO-236) 2.90x1.30x1.00, 1.90P ","1 ","260 ","0.0247 ",
"SZBZX84C30ET1G","Active","H Pb A P ","30, ","0.225, ","2.90 x 2.40 x 1.00, ","SOT-23 (TO-236) 2.90x1.30x1.00, 1.90P ","1 ","260 ","0.0225 ",
"SZBZX84C2V7ET1G","Active","H Pb A P ","2.7, ","0.225, ","2.90 x 2.40 x 1.00, ","SOT-23 (TO-236) 2.90x1.30x1.00, 1.90P ","1 ","260 ","0.0225 ",
"SZBZX84C3V9ET1G","Active","H Pb A P ","3.9, ","0.225, ","2.90 x 2.40 x 1.00, ","SOT-23 (TO-236) 2.90x1.30x1.00, 1.90P ","1 ","260 ","0.0225 ",
"SZBZX84C75ET1G","Active","H Pb A P ","75, ","0.225, ","2.90 x 2.40 x 1.00, ","SOT-23 (TO-236) 2.90x1.30x1.00, 1.90P ","1 ","260 ","0.0247 ",
"SZBZX84C3V9ET3G","Active","H Pb A P ","3.9, ","0.225, ","2.90 x 2.40 x 1.00, ","SOT-23 (TO-236) 2.90x1.30x1.00, 1.90P ","1 ","260 ","0.0225 ",
"SZBZX84C5V1ET1G","Active","H Pb A P ","5.1, ","0.225, ","2.90 x 2.40 x 1.00, ","SOT-23 (TO-236) 2.90x1.30x1.00, 1.90P ","1 ","260 ","0.0247 ",
"SZBZX84C5V1ET3G","Active","H Pb A P ","5.1, ","0.225, ","2.90 x 2.40 x 1.00, ","SOT-23 (TO-236) 2.90x1.30x1.00, 1.90P ","1 ","260 ","0.0225 ",
"SZBZX84C11ET1G","Active","H Pb A P ","11, ","0.225, ","2.90 x 2.40 x 1.00, ","SOT-23 (TO-236) 2.90x1.30x1.00, 1.90P ","1 ","260 ","0.0225 ",
"SZBZX84C56ET1G","Active","H Pb A P ","56, ","0.225, ","2.90 x 2.40 x 1.00, ","SOT-23 (TO-236) 2.90x1.30x1.00, 1.90P ","1 ","260 ","0.0247 ",
"SZBZX84C13ET1G","Active","H Pb A P ","13, ","0.225, ","2.90 x 2.40 x 1.00, ","SOT-23 (TO-236) 2.90x1.30x1.00, 1.90P ","1 ","260 ","0.0225 ",
"SZBZX84C20ET1G","Active","H Pb A P ","20, ","0.225, ","2.90 x 2.40 x 1.00, ","SOT-23 (TO-236) 2.90x1.30x1.00, 1.90P ","1 ","260 ","0.0225 ",
"SZBZX84C22ET1G","Active","H Pb A P ","22, ","0.225, ","2.90 x 2.40 x 1.00, ","SOT-23 (TO-236) 2.90x1.30x1.00, 1.90P ","1 ","260 ","0.0225 ",
"SZBZX84C3V3ET1G","Active","H Pb A P ","3.3, ","0.225, ","2.90 x 2.40 x 1.00, ","SOT-23 (TO-236) 2.90x1.30x1.00, 1.90P ","1 ","260 ","0.0259 ",
"BZX84C6V2ET1G","Active","H Pb   ","6.2, ","0.225, ","2.90 x 2.40 x 1.00, ","SOT-23 (TO-236) 2.90x1.30x1.00, 1.90P ","1 ","260 ","0.0227 ",
"SZBZX84C6V2ET1G","Active","H Pb A P ","6.2, ","0.225, ","2.90 x 2.40 x 1.00, ","SOT-23 (TO-236) 2.90x1.30x1.00, 1.90P ","1 ","260 ","0.0227 ",
"SZBZX84C18ET1G","Active","H Pb A P ","18, ","0.225, ","2.90 x 2.40 x 1.00, ","SOT-23 (TO-236) 2.90x1.30x1.00, 1.90P ","1 ","260 ","0.0247 ",
"SZBZX84C27ET3G","Active","H Pb A P ","27, ","0.225, ","2.90 x 2.40 x 1.00, ","SOT-23 (TO-236) 2.90x1.30x1.00, 1.90P ","1 ","260 ","0.0225 ",
"SZBZX84C27ET1G","Active","H Pb A P ","27, ","0.225, ","2.90 x 2.40 x 1.00, ","SOT-23 (TO-236) 2.90x1.30x1.00, 1.90P ","1 ","260 ","0.0225 ",
"SZBZX84C33ET1G","Active","H Pb A P ","33, ","0.225, ","2.90 x 2.40 x 1.00, ","SOT-23 (TO-236) 2.90x1.30x1.00, 1.90P ","1 ","260 ","0.0225 ",
"SZBZX84C16ET1G","Active","H Pb A P ","16, ","0.225, ","2.90 x 2.40 x 1.00, ","SOT-23 (TO-236) 2.90x1.30x1.00, 1.90P ","1 ","260 ","0.0247 ",
"SZBZX84C2V4ET1G","Active","H Pb A P ","2.4, ","0.225, ","2.90 x 2.40 x 1.00, ","SOT-23 (TO-236) 2.90x1.30x1.00, 1.90P ","1 ","260 ","0.0225 ",
"SZBZX84C16ET3G","Active","H Pb A P ","16, ","0.225, ","2.90 x 2.40 x 1.00, ","SOT-23 (TO-236) 2.90x1.30x1.00, 1.90P ","1 ","260 ","0.0247 ",
"SZBZX84C5V6ET3G","Active","H Pb A P ","5.6, ","0.225, ","2.90 x 2.40 x 1.00, ","SOT-23 (TO-236) 2.90x1.30x1.00, 1.90P ","1 ","260 ","0.0247 ",
"SZBZX84C5V6ET1G","Active","H Pb A P ","5.6, ","0.225, ","2.90 x 2.40 x 1.00, ","SOT-23 (TO-236) 2.90x1.30x1.00, 1.90P ","1 ","260 ","0.0247 ",
"SZBZX84C6V8ET1G","Active","H Pb A P ","6.8, ","0.225, ","2.90 x 2.40 x 1.00, ","SOT-23 (TO-236) 2.90x1.30x1.00, 1.90P ","1 ","260 ","0.0225 ",
"SZBZX84C33ET3G","Active","H Pb A P ","33, ","0.225, ","2.90 x 2.40 x 1.00, ","SOT-23 (TO-236) 2.90x1.30x1.00, 1.90P ","1 ","260 ","0.0225 ",
"BZX84C4V7ET3G","Product Preview","H Pb   ","4.7, ","0.225, ",", ","SOT-23 (TO-236) 2.90x1.30x1.00, 1.90P ","1 ","260 ","0.0 ",
"BZX85C12","Active","H Pb   ","12, ","1, ","4.63 x 2.37 x 2.37, ","Axial Lead / DO-41 ","NA ","0 ","0.0329 ",
"BZX85C11","Active","H Pb   ","11, ","1, ","4.63 x 2.37 x 2.37, ","Axial Lead / DO-41 ","NA ","0 ","0.0329 ",
"BZX85C10","Active","H Pb   ","10, ","1, ","4.63 x 2.37 x 2.37, ","Axial Lead / DO-41 ","NA ","0 ","0.0329 ",
"BZX85C16","Active","H Pb   ","16, ","1, ","4.63 x 2.37 x 2.37, ","Axial Lead / DO-41 ","NA ","0 ","0.0329 ",
"BZX85C15","Active","H Pb   ","15, ","1, ","4.63 x 2.37 x 2.37, ","Axial Lead / DO-41 ","NA ","0 ","0.0329 ",
"BZX85C13","Active","H Pb   ","13, ","1, ","4.63 x 2.37 x 2.37, ","Axial Lead / DO-41 ","NA ","0 ","0.0329 ",
"BZX85C12-T50R","Active","H Pb   ","12, ","1, ","4.63 x 2.37 x 2.37, ","Axial Lead / DO-41 ","NA ","0 ","0.0329 ",
"BZX85C10-T50R","Active","H Pb   ","10, ","1, ","4.63 x 2.37 x 2.37, ","Axial Lead / DO-41 ","NA ","0 ","0.0329 ",
"BZX85C15-T50R","Active","H Pb   ","15, ","1, ","4.63 x 2.37 x 2.37, ","Axial Lead / DO-41 ","NA ","0 ","0.0329 ",
"BZX85C15-T50A","Active","H Pb   ","15, ","1, ","4.63 x 2.37 x 2.37, ","Axial Lead / DO-41 ","NA ","0 ","0.0329 ",
"SZMM3Z68VT1G","Active","H Pb A P ","68, ","0.3, ","2.50 x 1.25 x 0.90, ","SOD-323 ","1 ","260 ","0.0367 ",
"SZMM3Z8V2T1G","Active","H Pb A P ","8.2, ","0.3, ","2.50 x 1.25 x 0.90, ","SOD-323 ","1 ","260 ","0.0333 ",
"MM3Z3V6T1G","Active","H Pb   ","3.6, ","0.3, ","2.50 x 1.25 x 0.90, ","SOD-323 ","1 ","260 ","0.0153 ",
"MM3Z16VT1G","Active","H Pb   ","16, ","0.3, ","2.50 x 1.25 x 0.90, ","SOD-323 ","1 ","260 ","0.0153 ",
"SZMM3Z75VT1G","Active","H Pb A P ","75, ","0.3, ","2.50 x 1.25 x 0.90, ","SOD-323 ","1 ","260 ","0.0367 ",
"SZMM3Z12VT1G","Active","H Pb A P ","12, ","0.3, ","2.50 x 1.25 x 0.90, ","SOD-323 ","1 ","260 ","0.0333 ",
"MM3Z27VT1G","Active","H Pb   ","27, ","0.3, ","2.50 x 1.25 x 0.90, ","SOD-323 ","1 ","260 ","0.0153 ",
"SZMM3Z3V3T1G","Active","H Pb A P ","3.3, ","0.3, ","2.50 x 1.25 x 0.90, ","SOD-323 ","1 ","260 ","0.0333 ",
"MM3Z6V8T1G","Active","H Pb   ","6.8, ","0.3, ","2.50 x 1.25 x 0.90, ","SOD-323 ","1 ","260 ","0.0153 ",
"SZMM3Z16VT1G","Active","H Pb A P ","16, ","0.3, ","2.50 x 1.25 x 0.90, ","SOD-323 ","1 ","260 ","0.0333 ",
"MM3Z2V7T1G","Active","H Pb   ","2.7, ","0.3, ","2.50 x 1.25 x 0.90, ","SOD-323 ","1 ","260 ","0.0153 ",
"MM3Z36VT1G","Active","H Pb   ","36, ","0.3, ","2.50 x 1.25 x 0.90, ","SOD-323 ","1 ","260 ","0.0153 ",
"MM3Z8V2T1G","Active","H Pb   ","8.2, ","0.3, ","2.50 x 1.25 x 0.90, ","SOD-323 ","1 ","260 ","0.0153 ",
"SZMM3Z6V2T1G","Active","H Pb A P ","6.2, ","0.3, ","2.50 x 1.25 x 0.90, ","SOD-323 ","1 ","260 ","0.0333 ",
"SZMM3Z2V4T1G","Active","H Pb A P ","2.4, ","0.3, ","2.50 x 1.25 x 0.90, ","SOD-323 ","1 ","260 ","0.0333 ",
"SZMM3Z5V6T1G","Active","H Pb A P ","5.6, ","0.3, ","2.50 x 1.25 x 0.90, ","SOD-323 ","1 ","260 ","0.0333 ",
"SZMM3Z18VT1G","Active","H Pb A P ","18, ","0.3, ","2.50 x 1.25 x 0.90, ","SOD-323 ","1 ","260 ","0.0333 ",
"SZMM3Z2V7T1G","Active","H Pb A P ","2.7, ","0.3, ","2.50 x 1.25 x 0.90, ","SOD-323 ","1 ","260 ","0.0333 ",
"SZMM3Z36VT1G","Active","H Pb A P ","36, ","0.3, ","2.50 x 1.25 x 0.90, ","SOD-323 ","1 ","260 ","0.0333 ",
"SZMM3Z6V8T1G","Active","H Pb A P ","6.8, ","0.3, ","2.50 x 1.25 x 0.90, ","SOD-323 ","1 ","260 ","0.0333 ",
"SZMM3Z3V0T1G","Active","H Pb A P ","3, ","0.3, ","2.50 x 1.25 x 0.90, ","SOD-323 ","1 ","260 ","0.0333 ",
"MM3Z9V1T1G","Active","H Pb   ","9.1, ","0.3, ","2.50 x 1.25 x 0.90, ","SOD-323 ","1 ","260 ","0.0153 ",
"MM3Z10VT1G","Active","H Pb   ","10, ","0.3, ","2.50 x 1.25 x 0.90, ","SOD-323 ","1 ","260 ","0.0153 ",
"MM3Z3V3T1G","Active","H Pb   ","3.3, ","0.3, ","2.50 x 1.25 x 0.90, ","SOD-323 ","1 ","260 ","0.0153 ",
"SZMM3Z27VT1G","Active","H Pb A P ","27, ","0.3, ","2.50 x 1.25 x 0.90, ","SOD-323 ","1 ","260 ","0.0333 ",
"SZMM3Z2V7T3G","Active","H Pb A P ","2.7, ","0.3, ","2.50 x 1.25 x 0.90, ","SOD-323 ","1 ","260 ","0.0333 ",
"MM3Z12VT1G","Active","H Pb   ","12, ","0.3, ","2.50 x 1.25 x 0.90, ","SOD-323 ","1 ","260 ","0.0153 ",
"MM3Z5V6T1G","Active","H Pb   ","5.6, ","0.3, ","2.50 x 1.25 x 0.90, ","SOD-323 ","1 ","260 ","0.0153 ",
"MM3Z3V0T1G","Active","H Pb   ","3, ","0.3, ","2.50 x 1.25 x 0.90, ","SOD-323 ","1 ","260 ","0.0153 ",
"SZMM3Z10VT1G","Active","H Pb A P ","10, ","0.3, ","2.50 x 1.25 x 0.90, ","SOD-323 ","1 ","260 ","0.0333 ",
"MM3Z18VT1G","Active","H Pb   ","18, ","0.3, ","2.50 x 1.25 x 0.90, ","SOD-323 ","1 ","260 ","0.0153 ",
"SZMM3Z51VT1G","Active","H Pb A P ","51, ","0.3, ","2.50 x 1.25 x 0.90, ","SOD-323 ","1 ","260 ","0.0367 ",
"SZMM3Z9V1T1G","Active","H Pb A P ","9.1, ","0.3, ","2.50 x 1.25 x 0.90, ","SOD-323 ","1 ","260 ","0.0333 ",
"MM3Z7V5T1G","Active","H Pb   ","7.5, ","0.3, ","2.50 x 1.25 x 0.90, ","SOD-323 ","1 ","260 ","0.0153 ",
"SZMM3Z13VT1G","Active","H Pb A P ","13, ","0.3, ","2.50 x 1.25 x 0.90, ","SOD-323 ","1 ","260 ","0.0333 ",
"MM3Z24VT1G","Active","H Pb   ","24, ","0.3, ","2.50 x 1.25 x 0.90, ","SOD-323 ","1 ","260 ","0.0153 ",
"MM3Z15VT1G","Active","H Pb   ","15, ","0.3, ","2.50 x 1.25 x 0.90, ","SOD-323 ","1 ","260 ","0.0153 ",
"MM3Z5V1T1G","Active","H Pb   ","5.1, ","0.3, ","2.50 x 1.25 x 0.90, ","SOD-323 ","1 ","260 ","0.0153 ",
"SZMM3Z4V3T1G","Active","H Pb A P ","4.3, ","0.3, ","2.50 x 1.25 x 0.90, ","SOD-323 ","1 ","260 ","0.0333 ",
"SZMM3Z22VT1G","Active","H Pb A P ","22, ","0.3, ","2.50 x 1.25 x 0.90, ","SOD-323 ","1 ","260 ","0.0333 ",
"SZMM3Z15VT1G","Active","H Pb A P ","15, ","0.3, ","2.50 x 1.25 x 0.90, ","SOD-323 ","1 ","260 ","0.0333 ",
"SZMM3Z5V1T1G","Active","H Pb A P ","5.1, ","0.3, ","2.50 x 1.25 x 0.90, ","SOD-323 ","1 ","260 ","0.0333 ",
"SZMM3Z15VT3G","Active","H Pb A P ","15, ","0.3, ","2.50 x 1.25 x 0.90, ","SOD-323 ","1 ","260 ","0.0 ",
"MM3Z13VT1G","Active","H Pb   ","13, ","0.3, ","2.50 x 1.25 x 0.90, ","SOD-323 ","1 ","260 ","0.0153 ",
"MM3Z33VT3G","Active","H Pb   ","33, ","0.3, ","2.50 x 1.25 x 0.90, ","SOD-323 ","1 ","260 ","0.0153 ",
"MM3Z33VT1G","Active","H Pb   ","33, ","0.3, ","2.50 x 1.25 x 0.90, ","SOD-323 ","1 ","260 ","0.0153 ",
"SZMM3Z20VT1G","Active","H Pb A P ","20, ","0.3, ","2.50 x 1.25 x 0.90, ","SOD-323 ","1 ","260 ","0.0333 ",
"MM3Z20VT1G","Active","H Pb   ","20, ","0.3, ","2.50 x 1.25 x 0.90, ","SOD-323 ","1 ","260 ","0.0153 ",
"SZMM3Z33VT1G","Active","H Pb A P ","33, ","0.3, ","2.50 x 1.25 x 0.90, ","SOD-323 ","1 ","260 ","0.0333 ",
"MM3Z51VT1G","Active","H Pb   ","51, ","0.3, ","2.50 x 1.25 x 0.90, ","SOD-323 ","1 ","260 ","0.0153 ",
"SZMM3Z7V5T1G","Active","H Pb A P ","7.5, ","0.3, ","2.50 x 1.25 x 0.90, ","SOD-323 ","1 ","260 ","0.0333 ",
"MM3Z22VT1G","Active","H Pb   ","22, ","0.3, ","2.50 x 1.25 x 0.90, ","SOD-323 ","1 ","260 ","0.0153 ",
"SZMM3Z47VT1G","Active","H Pb A P ","47, ","0.3, ","2.50 x 1.25 x 0.90, ","SOD-323 ","1 ","260 ","0.0367 ",
"MM3Z39VT1G","Active","H Pb   ","39, ","0.3, ","2.50 x 1.25 x 0.90, ","SOD-323 ","1 ","260 ","0.0153 ",
"SZMM3Z3V9T1G","Active","H Pb A P ","3.9, ","0.3, ","2.50 x 1.25 x 0.90, ","SOD-323 ","1 ","260 ","0.0333 ",
"MM3Z47VT1G","Active","H Pb   ","47, ","0.3, ","2.50 x 1.25 x 0.90, ","SOD-323 ","1 ","260 ","0.0153 ",
"SZMM3Z3V9T3G","Active","H Pb A P ","3.9, ","0.3, ","2.50 x 1.25 x 0.90, ","SOD-323 ","1 ","260 ","0.0 ",
"SZMM3Z43VT1G","Active","H Pb A P ","43, ","0.3, ","2.50 x 1.25 x 0.90, ","SOD-323 ","1 ","260 ","0.0333 ",
"MM3Z4V7T1G","Active","H Pb   ","4.7, ","0.3, ","2.50 x 1.25 x 0.90, ","SOD-323 ","1 ","260 ","0.0153 ",
"MM3Z56VT1G","Active","H Pb   ","56, ","0.3, ","2.50 x 1.25 x 0.90, ","SOD-323 ","1 ","260 ","0.0176 ",
"MM3Z11VT1G","Active","H Pb   ","11, ","0.3, ","2.50 x 1.25 x 0.90, ","SOD-323 ","1 ","260 ","0.0153 ",
"MM3Z62VT1G","Active","H Pb   ","62, ","0.3, ","2.50 x 1.25 x 0.90, ","SOD-323 ","1 ","260 ","0.0176 ",
"MM3Z4V3T1G","Active","H Pb   ","4.3, ","0.3, ","2.50 x 1.25 x 0.90, ","SOD-323 ","1 ","260 ","0.0153 ",
"SZMM3Z4V7T1G","Active","H Pb A P ","4.7, ","0.3, ","2.50 x 1.25 x 0.90, ","SOD-323 ","1 ","260 ","0.0333 ",
"SZMM3Z56VT1G","Active","H Pb A P ","56, ","0.3, ","2.50 x 1.25 x 0.90, ","SOD-323 ","1 ","260 ","0.0367 ",
"MM3Z75VT1G","Active","H Pb   ","75, ","0.3, ","2.50 x 1.25 x 0.90, ","SOD-323 ","1 ","260 ","0.0176 ",
"MM3Z43VT1G","Active","H Pb   ","43, ","0.3, ","2.50 x 1.25 x 0.90, ","SOD-323 ","1 ","260 ","0.0153 ",
"SZMM3Z11VT1G","Active","H Pb A P ","11, ","0.3, ","2.50 x 1.25 x 0.90, ","SOD-323 ","1 ","260 ","0.0333 ",
"SZMM3Z3V6T1G","Active","H Pb A P ","3.6, ","0.3, ","2.50 x 1.25 x 0.90, ","SOD-323 ","1 ","260 ","0.0333 ",
"MM3Z30VT1G","Active","H Pb   ","30, ","0.3, ","2.50 x 1.25 x 0.90, ","SOD-323 ","1 ","260 ","0.0153 ",
"MM3Z2V4T1G","Active","H Pb   ","2.4, ","0.3, ","2.50 x 1.25 x 0.90, ","SOD-323 ","1 ","260 ","0.0153 ",
"SZMM3Z24VT1G","Active","H Pb A P ","24, ","0.3, ","2.50 x 1.25 x 0.90, ","SOD-323 ","1 ","260 ","0.0333 ",
"MM3Z6V2T1G","Active","H Pb   ","6.2, ","0.3, ","2.50 x 1.25 x 0.90, ","SOD-323 ","1 ","260 ","0.0153 ",
"MM3Z3V9T1G","Active","H Pb   ","3.9, ","0.3, ","2.50 x 1.25 x 0.90, ","SOD-323 ","1 ","260 ","0.0153 ",
"MM3Z3V0B","Active","H Pb   ","3, ","0.2, ","2.50 x 1.25 x 0.70, ","SOD-323FL ","1 ","260 ","0.0255 ",
"MM3Z15VB","Active","H Pb   ","15, ","0.2, ","2.50 x 1.25 x 0.70, ","SOD-323FL ","1 ","260 ","0.0255 ",
"MM3Z3V3B","Active","H Pb   ","3.3, ","0.2, ","2.50 x 1.25 x 0.70, ","SOD-323FL ","1 ","260 ","0.0255 ",
"MM3Z24VB","Active","H Pb   ","24, ","0.2, ","2.50 x 1.25 x 0.70, ","SOD-323FL ","1 ","260 ","0.0255 ",
"MM3Z3V6B","Active","H Pb   ","3.6, ","0.2, ","2.50 x 1.25 x 0.70, ","SOD-323FL ","1 ","260 ","0.0255 ",
"MM3Z11VB","Active","H Pb   ","11, ","0.2, ","2.50 x 1.25 x 0.70, ","SOD-323FL ","1 ","260 ","0.0255 ",
"MM3Z68VB","Active","H Pb   ","68, ","0.2, ","2.50 x 1.25 x 0.70, ","SOD-323FL ","1 ","260 ","0.0255 ",
"MM3Z3V9B","Active","H Pb   ","3.9, ","0.2, ","2.50 x 1.25 x 0.70, ","SOD-323FL ","1 ","260 ","0.0255 ",
"MM3Z33VB","Active","H Pb   ","33, ","0.2, ","2.50 x 1.25 x 0.70, ","SOD-323FL ","1 ","260 ","0.0255 ",
"MM3Z20VB","Active","H Pb   ","20, ","0.2, ","2.50 x 1.25 x 0.70, ","SOD-323FL ","1 ","260 ","0.0255 ",
"MM3Z7V5B","Active","H Pb   ","7.5, ","0.2, ","2.50 x 1.25 x 0.70, ","SOD-323FL ","1 ","260 ","0.0255 ",
"MM3Z51VB","Active","H Pb   ","51, ","0.2, ","2.50 x 1.25 x 0.70, ","SOD-323FL ","1 ","260 ","0.0255 ",
"MM3Z27VB","Active","H Pb   ","27, ","0.2, ","2.50 x 1.25 x 0.70, ","SOD-323FL ","1 ","260 ","0.0255 ",
"MM3Z2V4B","Active","H Pb   ","2.4, ","0.2, ","2.50 x 1.25 x 0.70, ","SOD-323FL ","1 ","260 ","0.0255 ",
"MM3Z2V7B","Active","H Pb   ","2.7, ","0.2, ","2.50 x 1.25 x 0.70, ","SOD-323FL ","1 ","260 ","0.0255 ",
"MM3Z36VB","Active","H Pb   ","36, ","0.2, ","2.50 x 1.25 x 0.70, ","SOD-323FL ","1 ","260 ","0.0255 ",
"MM3Z10VB","Active","H Pb   ","10, ","0.2, ","2.50 x 1.25 x 0.70, ","SOD-323FL ","1 ","260 ","0.0255 ",
"MM3Z6V2B","Active","H Pb   ","6.2, ","0.2, ","2.50 x 1.25 x 0.70, ","SOD-323FL ","1 ","260 ","0.0255 ",
"MM3Z6V8B","Active","H Pb   ","6.8, ","0.2, ","2.50 x 1.25 x 0.70, ","SOD-323FL ","1 ","260 ","0.0255 ",
"MM3Z39VB","Active","H Pb   ","39, ","0.2, ","2.50 x 1.25 x 0.70, ","SOD-323FL ","1 ","260 ","0.0255 ",
"MM3Z13VB","Active","H Pb   ","13, ","0.2, ","2.50 x 1.25 x 0.70, ","SOD-323FL ","1 ","260 ","0.0255 ",
"MM3Z5V1B","Active","H Pb   ","5.1, ","0.2, ","2.50 x 1.25 x 0.70, ","SOD-323FL ","1 ","260 ","0.0255 ",
"MM3Z22VB","Active","H Pb   ","22, ","0.2, ","2.50 x 1.25 x 0.70, ","SOD-323FL ","1 ","260 ","0.0255 ",
"MM3Z5V6B","Active","H Pb   ","5.6, ","0.2, ","2.50 x 1.25 x 0.70, ","SOD-323FL ","1 ","260 ","0.0255 ",
"MM3Z75VB","Active","H Pb   ","75, ","0.2, ","2.50 x 1.25 x 0.70, ","SOD-323FL ","1 ","260 ","0.0255 ",
"MM3Z9V1B","Active","H Pb   ","9.1, ","0.2, ","2.50 x 1.25 x 0.70, ","SOD-323FL ","1 ","260 ","0.0255 ",
"MM3Z62VB","Active","H Pb   ","62, ","0.2, ","2.50 x 1.25 x 0.70, ","SOD-323FL ","1 ","260 ","0.0255 ",
"MM3Z18VB","Active","H Pb   ","18, ","0.2, ","2.50 x 1.25 x 0.70, ","SOD-323FL ","1 ","260 ","0.0255 ",
"MM3Z16VB","Active","H Pb   ","16, ","0.2, ","2.50 x 1.25 x 0.70, ","SOD-323FL ","1 ","260 ","0.0255 ",
"MM3Z47VB","Active","H Pb   ","47, ","0.2, ","2.50 x 1.25 x 0.70, ","SOD-323FL ","1 ","260 ","0.0255 ",
"MM3Z4V3B","Active","H Pb   ","4.3, ","0.2, ","2.50 x 1.25 x 0.70, ","SOD-323FL ","1 ","260 ","0.0255 ",
"MM3Z12VB","Active","H Pb   ","12, ","0.2, ","2.50 x 1.25 x 0.70, ","SOD-323FL ","1 ","260 ","0.0255 ",
"MM3Z4V7B","Active","H Pb   ","4.7, ","0.2, ","2.50 x 1.25 x 0.70, ","SOD-323FL ","1 ","260 ","0.0255 ",
"MM3Z56VB","Active","H Pb   ","56, ","0.2, ","2.50 x 1.25 x 0.70, ","SOD-323FL ","1 ","260 ","0.0255 ",
"MM3Z43VB","Active","H Pb   ","43, ","0.2, ","2.50 x 1.25 x 0.70, ","SOD-323FL ","1 ","260 ","0.0255 ",
"MM3Z30VB","Active","H Pb   ","30, ","0.2, ","2.50 x 1.25 x 0.70, ","SOD-323FL ","1 ","260 ","0.0255 ",
"MM3Z8V2B","Active","H Pb   ","8.2, ","0.2, ","2.50 x 1.25 x 0.70, ","SOD-323FL ","1 ","260 ","0.0255 ",
"MM3Z3V0C","Active","H Pb   ","3, ","0.2, ","2.50 x 1.25 x 0.70, ","SOD-323FL ","1 ","260 ","0.0232 ",
"MM3Z15VC","Active","H Pb   ","15, ","0.2, ","2.50 x 1.25 x 0.70, ","SOD-323FL ","1 ","260 ","0.0232 ",
"MM3Z3V3C","Active","H Pb   ","3.3, ","0.2, ","2.50 x 1.25 x 0.70, ","SOD-323FL ","1 ","260 ","0.0232 ",
"MM3Z24VC","Active","H Pb   ","24, ","0.2, ","2.50 x 1.25 x 0.70, ","SOD-323FL ","1 ","260 ","0.0232 ",
"MM3Z3V6C","Active","H Pb   ","3.6, ","0.2, ","2.50 x 1.25 x 0.70, ","SOD-323FL ","1 ","260 ","0.0232 ",
"MM3Z11VC","Active","H Pb   ","11, ","0.2, ","2.50 x 1.25 x 0.70, ","SOD-323FL ","1 ","260 ","0.0232 ",
"MM3Z68VC","Active","H Pb   ","68, ","0.2, ","2.50 x 1.25 x 0.70, ","SOD-323FL ","1 ","260 ","0.0232 ",
"MM3Z3V9C","Active","H Pb   ","3.9, ","0.2, ","2.50 x 1.25 x 0.70, ","SOD-323FL ","1 ","260 ","0.0232 ",
"MM3Z33VC","Active","H Pb   ","33, ","0.2, ","2.50 x 1.25 x 0.70, ","SOD-323FL ","1 ","260 ","0.0232 ",
"MM3Z20VC","Active","H Pb   ","20, ","0.2, ","2.50 x 1.25 x 0.70, ","SOD-323FL ","1 ","260 ","0.0232 ",
"MM3Z7V5C","Active","H Pb   ","7.5, ","0.2, ","2.50 x 1.25 x 0.70, ","SOD-323FL ","1 ","260 ","0.0232 ",
"MM3Z51VC","Active","H Pb   ","51, ","0.2, ","2.50 x 1.25 x 0.70, ","SOD-323FL ","1 ","260 ","0.0232 ",
"MM3Z2V4C","Active","H Pb   ","2.4, ","0.2, ","2.50 x 1.25 x 0.70, ","SOD-323FL ","1 ","260 ","0.0232 ",
"MM3Z2V7C","Active","H Pb   ","2.7, ","0.2, ","2.50 x 1.25 x 0.70, ","SOD-323FL ","1 ","260 ","0.0232 ",
"MM3Z36VC","Active","H Pb   ","36, ","0.2, ","2.50 x 1.25 x 0.70, ","SOD-323FL ","1 ","260 ","0.0232 ",
"MM3Z10VC","Active","H Pb   ","10, ","0.2, ","2.50 x 1.25 x 0.70, ","SOD-323FL ","1 ","260 ","0.0232 ",
"MM3Z6V2C","Active","H Pb   ","6.2, ","0.2, ","2.50 x 1.25 x 0.70, ","SOD-323FL ","1 ","260 ","0.0232 ",
"MM3Z6V8C","Active","H Pb   ","6.8, ","0.2, ","2.50 x 1.25 x 0.70, ","SOD-323FL ","1 ","260 ","0.0232 ",
"MM3Z39VC","Active","H Pb   ","39, ","0.2, ","2.50 x 1.25 x 0.70, ","SOD-323FL ","1 ","260 ","0.0232 ",
"MM3Z13VC","Active","H Pb   ","13, ","0.2, ","2.50 x 1.25 x 0.70, ","SOD-323FL ","1 ","260 ","0.0232 ",
"MM3Z5V1C","Active","H Pb   ","5.1, ","0.2, ","2.50 x 1.25 x 0.70, ","SOD-323FL ","1 ","260 ","0.0232 ",
"MM3Z22VC","Active","H Pb   ","22, ","0.2, ","2.50 x 1.25 x 0.70, ","SOD-323FL ","1 ","260 ","0.0232 ",
"MM3Z5V6C","Active","H Pb   ","5.6, ","0.2, ","2.50 x 1.25 x 0.70, ","SOD-323FL ","1 ","260 ","0.0232 ",
"MM3Z75VC","Active","H Pb   ","75, ","0.2, ","2.50 x 1.25 x 0.70, ","SOD-323FL ","1 ","260 ","0.0232 ",
"MM3Z9V1C","Active","H Pb   ","9.1, ","0.2, ","2.50 x 1.25 x 0.70, ","SOD-323FL ","1 ","260 ","0.0232 ",
"MM3Z18VC","Active","H Pb   ","18, ","0.2, ","2.50 x 1.25 x 0.70, ","SOD-323FL ","1 ","260 ","0.0232 ",
"MM3Z16VC","Active","H Pb   ","16, ","0.2, ","2.50 x 1.25 x 0.70, ","SOD-323FL ","1 ","260 ","0.0232 ",
"MM3Z47VC","Active","H Pb   ","47, ","0.2, ","2.50 x 1.25 x 0.70, ","SOD-323FL ","1 ","260 ","0.0232 ",
"MM3Z4V3C","Active","H Pb   ","4.3, ","0.2, ","2.50 x 1.25 x 0.70, ","SOD-323FL ","1 ","260 ","0.0232 ",
"MM3Z12VC","Active","H Pb   ","12, ","0.2, ","2.50 x 1.25 x 0.70, ","SOD-323FL ","1 ","260 ","0.0232 ",
"MM3Z4V7C","Active","H Pb   ","4.7, ","0.2, ","2.50 x 1.25 x 0.70, ","SOD-323FL ","1 ","260 ","0.0232 ",
"MM3Z56VC","Active","H Pb   ","56, ","0.2, ","2.50 x 1.25 x 0.70, ","SOD-323FL ","1 ","260 ","0.0232 ",
"MM3Z43VC","Active","H Pb   ","43, ","0.2, ","2.50 x 1.25 x 0.70, ","SOD-323FL ","1 ","260 ","0.0232 ",
"MM3Z30VC","Active","H Pb   ","30, ","0.2, ","2.50 x 1.25 x 0.70, ","SOD-323FL ","1 ","260 ","0.0232 ",
"MM3Z8V2C","Active","H Pb   ","8.2, ","0.2, ","2.50 x 1.25 x 0.70, ","SOD-323FL ","1 ","260 ","0.0232 ",
"SZMM3Z5V1ST1G","Active","H Pb A P ","5.1, ","0.3, ","2.50 x 1.25 x 0.90, ","SOD-323 ","1 ","260 ","0.0447 ",
"MM3Z15VST1G","Active","H Pb   ","15, ","0.3, ","2.50 x 1.25 x 0.90, ","SOD-323 ","1 ","260 ","0.0165 ",
"MM3Z4V3ST1G","Active","H Pb   ","4.3, ","0.3, ","2.50 x 1.25 x 0.90, ","SOD-323 ","1 ","260 ","0.0165 ",
"SZMM3Z3V3ST1G","Active","H Pb A P ","3.3, ","0.3, ","2.50 x 1.25 x 0.90, ","SOD-323 ","1 ","260 ","0.0447 ",
"SZMM3Z12VST1G","Active","H Pb A P ","12, ","0.3, ","2.50 x 1.25 x 0.90, ","SOD-323 ","1 ","260 ","0.0447 ",
"MM3Z22VST1G","Active","H Pb   ","22, ","0.3, ","2.50 x 1.25 x 0.90, ","SOD-323 ","1 ","260 ","0.0165 ",
"SZMM3Z3V3ST3G","Active","H Pb A P ","3.3, ","0.3, ","2.50 x 1.25 x 0.90, ","SOD-323 ","1 ","260 ","0.0447 ",
"SZMM3Z3V9ST1G","Active","H Pb A P ","3.9, ","0.3, ","2.50 x 1.25 x 0.90, ","SOD-323 ","1 ","260 ","0.0447 ",
"MM3Z33VST1G","Active","H Pb   ","33, ","0.3, ","2.50 x 1.25 x 0.90, ","SOD-323 ","1 ","260 ","0.0165 ",
"MM3Z5V6ST1G","Active","H Pb   ","5.6, ","0.3, ","2.50 x 1.25 x 0.90, ","SOD-323 ","1 ","260 ","0.0165 ",
"MM3Z13VST1G","Active","H Pb   ","13, ","0.3, ","2.50 x 1.25 x 0.90, ","SOD-323 ","1 ","260 ","0.0165 ",
"MM3Z6V8ST1G","Active","H Pb   ","6.8, ","0.3, ","2.50 x 1.25 x 0.90, ","SOD-323 ","1 ","260 ","0.0165 ",
"MM3Z2V7ST1G","Active","H Pb   ","2.7, ","0.3, ","2.50 x 1.25 x 0.90, ","SOD-323 ","1 ","260 ","0.0165 ",
"MM3Z36VST1G","Active","H Pb   ","36, ","0.3, ","2.50 x 1.25 x 0.90, ","SOD-323 ","1 ","260 ","0.0165 ",
"MM3Z4V7ST1G","Active","H Pb   ","4.7, ","0.3, ","2.50 x 1.25 x 0.90, ","SOD-323 ","1 ","260 ","0.0165 ",
"MM3Z8V2ST1G","Active","H Pb   ","8.2, ","0.3, ","2.50 x 1.25 x 0.90, ","SOD-323 ","1 ","260 ","0.0165 ",
"MM3Z2V4ST1G","Active","H Pb   ","2.4, ","0.3, ","2.50 x 1.25 x 0.90, ","SOD-323 ","1 ","260 ","0.0165 ",
"MM3Z3V0ST1G","Active","H Pb   ","3, ","0.3, ","2.50 x 1.25 x 0.90, ","SOD-323 ","1 ","260 ","0.0165 ",
"MM3Z8V2ST3G","Active","H Pb   ","8.2, ","0.3, ","2.50 x 1.25 x 0.90, ","SOD-323 ","1 ","260 ","0.0165 ",
"SZMM3Z10VST1G","Active","H Pb A P ","10, ","0.3, ","2.50 x 1.25 x 0.90, ","SOD-323 ","1 ","260 ","0.0447 ",
"MM3Z27VST1G","Active","H Pb   ","27, ","0.3, ","2.50 x 1.25 x 0.90, ","SOD-323 ","1 ","260 ","0.0165 ",
"SZMM3Z18VST1G","Active","H Pb A P ","18, ","0.3, ","2.50 x 1.25 x 0.90, ","SOD-323 ","1 ","260 ","0.0447 ",
"MM3Z24VST1G","Active","H Pb   ","24, ","0.3, ","2.50 x 1.25 x 0.90, ","SOD-323 ","1 ","260 ","0.0165 ",
"SZMM3Z9V1ST1G","Active","H Pb A P ","9.1, ","0.3, ","2.50 x 1.25 x 0.90, ","SOD-323 ","1 ","260 ","0.0447 ",
"MM3Z11VST1G","Active","H Pb   ","11, ","0.3, ","2.50 x 1.25 x 0.90, ","SOD-323 ","1 ","260 ","0.0165 ",
"MM3Z3V9ST1G","Active","H Pb   ","3.9, ","0.3, ","2.50 x 1.25 x 0.90, ","SOD-323 ","1 ","260 ","0.0165 ",
"MM3Z5V1ST1G","Active","H Pb   ","5.1, ","0.3, ","2.50 x 1.25 x 0.90, ","SOD-323 ","1 ","260 ","0.0165 ",
"MM3Z30VST1G","Active","H Pb   ","30, ","0.3, ","2.50 x 1.25 x 0.90, ","SOD-323 ","1 ","260 ","0.0165 ",
"SZMM3Z20VST1G","Active","H Pb A P ","20, ","0.3, ","2.50 x 1.25 x 0.90, ","SOD-323 ","1 ","260 ","0.0447 ",
"MM3Z6V2ST1G","Active","H Pb   ","6.2, ","0.3, ","2.50 x 1.25 x 0.90, ","SOD-323 ","1 ","260 ","0.0165 ",
"SZMM3Z22VST1G","Active","H Pb A P ","22, ","0.3, ","2.50 x 1.25 x 0.90, ","SOD-323 ","1 ","260 ","0.0447 ",
"SZMM3Z4V3ST1G","Active","H Pb A P ","4.3, ","0.3, ","2.50 x 1.25 x 0.90, ","SOD-323 ","1 ","260 ","0.0447 ",
"SZMM3Z27VST1G","Active","H Pb A P ","27, ","0.3, ","2.50 x 1.25 x 0.90, ","SOD-323 ","1 ","260 ","0.0447 ",
"MM3Z16VST1G","Active","H Pb   ","16, ","0.3, ","2.50 x 1.25 x 0.90, ","SOD-323 ","1 ","260 ","0.0165 ",
"SZMM3Z7V5ST1G","Active","H Pb A P ","7.5, ","0.3, ","2.50 x 1.25 x 0.90, ","SOD-323 ","1 ","260 ","0.0447 ",
"SZMM3Z13VST1G","Active","H Pb A P ","13, ","0.3, ","2.50 x 1.25 x 0.90, ","SOD-323 ","1 ","260 ","0.0447 ",
"SZMM3Z4V7ST1G","Active","H Pb A P ","4.7, ","0.3, ","2.50 x 1.25 x 0.90, ","SOD-323 ","1 ","260 ","0.0447 ",
"SZMM3Z6V8ST1G","Active","H Pb A P ","6.8, ","0.3, ","2.50 x 1.25 x 0.90, ","SOD-323 ","1 ","260 ","0.0447 ",
"SZMM3Z36VST1G","Active","H Pb A P ","36, ","0.3, ","2.50 x 1.25 x 0.90, ","SOD-323 ","1 ","260 ","0.0447 ",
"MM3Z10VST1G","Active","H Pb   ","10, ","0.3, ","2.50 x 1.25 x 0.90, ","SOD-323 ","1 ","260 ","0.0165 ",
"SZMM3Z16VST1G","Active","H Pb A P ","16, ","0.3, ","2.50 x 1.25 x 0.90, ","SOD-323 ","1 ","260 ","0.0447 ",
"MM3Z7V5ST1G","Active","H Pb   ","7.5, ","0.3, ","2.50 x 1.25 x 0.90, ","SOD-323 ","1 ","260 ","0.0165 ",
"SZMM3Z5V6ST1G","Active","H Pb A P ","5.6, ","0.3, ","2.50 x 1.25 x 0.90, ","SOD-323 ","1 ","260 ","0.0447 ",
"SZMM3Z6V2ST1G","Active","H Pb A P ","6.2, ","0.3, ","2.50 x 1.25 x 0.90, ","SOD-323 ","1 ","260 ","0.0447 ",
"MM3Z3V3ST1G","Active","H Pb   ","3.3, ","0.3, ","2.50 x 1.25 x 0.90, ","SOD-323 ","1 ","260 ","0.0165 ",
"MM3Z20VST1G","Active","H Pb   ","20, ","0.3, ","2.50 x 1.25 x 0.90, ","SOD-323 ","1 ","260 ","0.0165 ",
"MM3Z12VST1G","Active","H Pb   ","12, ","0.3, ","2.50 x 1.25 x 0.90, ","SOD-323 ","1 ","260 ","0.0165 ",
"MM3Z9V1ST1G","Active","H Pb   ","9.1, ","0.3, ","2.50 x 1.25 x 0.90, ","SOD-323 ","1 ","260 ","0.0165 ",
"SZMM3Z8V2ST1G","Active","H Pb A P ","8.2, ","0.3, ","2.50 x 1.25 x 0.90, ","SOD-323 ","1 ","260 ","0.0447 ",
"SZMM3Z3V0ST1G","Active","H Pb A P ","3, ","0.3, ","2.50 x 1.25 x 0.90, ","SOD-323 ","1 ","260 ","0.0447 ",
"MM3Z18VST1G","Active","H Pb   ","18, ","0.3, ","2.50 x 1.25 x 0.90, ","SOD-323 ","1 ","260 ","0.0165 ",
"SZMM5Z6V8ST5G","Active","H Pb A P ","6.8, ","0.5, ","1.60 x 0.80 x 0.60, ","SOD-523-2 ","1 ","260 ","0.0844 ",
"MM5Z5V1ST5G","Active","H Pb   ","5.1, ","0.5, ","1.60 x 0.80 x 0.60, ","SOD-523-2 ","1 ","260 ","0.0276 ",
"SZMM5Z6V8ST1G","Active","H Pb A P ","6.8, ","0.5, ","1.60 x 0.80 x 0.60, ","SOD-523-2 ","1 ","260 ","0.0304 ",
"SZMM5Z8V2ST1G","Active","H Pb A P ","8.2, ","0.5, ","1.60 x 0.80 x 0.60, ","SOD-523-2 ","1 ","260 ","0.07 ",
"SZMM5Z8V2ST5G","Active","H Pb A P ","8.2, ","0.5, ","1.60 x 0.80 x 0.60, ","SOD-523-2 ","1 ","260 ","0.0844 ",
"MM5Z2V4ST1G","Active","H Pb   ","2.4, ","0.5, ","1.60 x 0.80 x 0.60, ","SOD-523-2 ","1 ","260 ","0.0292 ",
"MM5Z39VT5G","Active","H Pb   ","-, ","-, ","1.60 x 0.80 x 0.60, ","SOD-523-2 ","1 ","260 ","0.026 ",
"SZMM5Z6V2ST1G","Active","H Pb A P ","6.2, ","0.5, ","1.60 x 0.80 x 0.60, ","SOD-523-2 ","1 ","260 ","0.07 ",
"MM5Z5V1ST1G","Active","H Pb   ","5.1, ","0.5, ","1.60 x 0.80 x 0.60, ","SOD-523-2 ","1 ","260 ","0.0276 ",
"MM5Z5V6ST5G","Active","H Pb   ","5.6, ","0.5, ","1.60 x 0.80 x 0.60, ","SOD-523-2 ","1 ","260 ","0.0276 ",
"SZMM5Z4V7ST5G","Active","H Pb A P ","4.7, ","0.5, ","1.60 x 0.80 x 0.60, ","SOD-523-2 ","1 ","260 ","0.0844 ",
"MM5Z5V6ST1G","Active","H Pb   ","5.6, ","0.5, ","1.60 x 0.80 x 0.60, ","SOD-523-2 ","1 ","260 ","0.0276 ",
"SZMM5Z6V2ST5G","Active","H Pb A P ","6.2, ","0.5, ","1.60 x 0.80 x 0.60, ","SOD-523-2 ","1 ","260 ","0.0844 ",
"SZMM5Z4V7ST1G","Active","H Pb A P ","4.7, ","0.5, ","1.60 x 0.80 x 0.60, ","SOD-523-2 ","1 ","260 ","0.0844 ",
"MM5Z8V2ST1G","Active","H Pb   ","8.2, ","0.5, ","1.60 x 0.80 x 0.60, ","SOD-523-2 ","1 ","260 ","0.0292 ",
"MM5Z6V8ST1G","Active","H Pb   ","6.8, ","0.5, ","1.60 x 0.80 x 0.60, ","SOD-523-2 ","1 ","260 ","0.0276 ",
"MM5Z9V1ST1G","Active","H Pb   ","9.1, ","0.5, ","1.60 x 0.80 x 0.60, ","SOD-523-2 ","1 ","260 ","0.0296 ",
"SZMM5Z5V6ST1G","Active","H Pb A P ","5.6, ","0.5, ","1.60 x 0.80 x 0.60, ","SOD-523-2 ","1 ","260 ","0.0777 ",
"MM5Z4V7ST5G","Active","H Pb   ","4.7, ","0.5, ","1.60 x 0.80 x 0.60, ","SOD-523-2 ","1 ","260 ","0.0276 ",
"SZMM5Z5V6ST5G","Active","H Pb A P ","5.6, ","0.5, ","1.60 x 0.80 x 0.60, ","SOD-523-2 ","1 ","260 ","0.074 ",
"MM5Z6V2ST1G","Active","H Pb   ","6.2, ","0.5, ","1.60 x 0.80 x 0.60, ","SOD-523-2 ","1 ","260 ","0.0276 ",
"MM5Z4V7ST1G","Active","H Pb   ","4.7, ","0.5, ","1.60 x 0.80 x 0.60, ","SOD-523-2 ","1 ","260 ","0.0276 ",
"SZMM5Z5V1ST1G","Active","H Pb A P ","5.1, ","0.5, ","1.60 x 0.80 x 0.60, ","SOD-523-2 ","1 ","260 ","0.0852 ",
"MM5Z22VT5G","Active","H Pb   ","-, ","-, ","1.60 x 0.80 x 0.60, ","SOD-523-2 ","1 ","260 ","0.026 ",
"SZMM5Z5V1ST5G","Active","H Pb A P ","5.1, ","0.5, ","1.60 x 0.80 x 0.60, ","SOD-523-2 ","1 ","260 ","0.0689 ",
"SZMM5Z9V1ST1G","Active","H Pb A P ","9.1, ","0.5, ","1.60 x 0.80 x 0.60, ","SOD-523-2 ","1 ","260 ","0.0724 ",
"SZMM5Z9V1ST5G","Active","H Pb A P ","9.1, ","0.5, ","1.60 x 0.80 x 0.60, ","SOD-523-2 ","1 ","260 ","0.0689 ",
"SZMM5Z12VST1G","Active","H Pb A P ","12, ","0.5, ","1.60 x 0.80 x 0.60, ","SOD-523-2 ","1 ","260 ","0.0844 ",
"SZMM5Z12VST5G","Active","H Pb A P ","12, ","0.5, ","1.60 x 0.80 x 0.60, ","SOD-523-2 ","1 ","260 ","0.0844 ",
"MM5Z3V0T1G","Active","H Pb   ","3, ","0.5, ","1.60 x 0.80 x 0.60, ","SOD-523-2 ","1 ","260 ","0.022 ",
"SZMM5Z33VT1G","Active","H Pb A P ","33, ","0.5, ","1.60 x 0.80 x 0.60, ","SOD-523-2 ","1 ","260 ","0.0785 ",
"SZMM5Z33VT5G","Active","H Pb A P ","33, ","0.5, ","1.60 x 0.80 x 0.60, ","SOD-523-2 ","1 ","260 ","0.0785 ",
"SZMM5Z15VT1G","Active","H Pb A P ","15, ","0.5, ","1.60 x 0.80 x 0.60, ","SOD-523-2 ","1 ","260 ","0.0785 ",
"SZMM5Z24VT1G","Active","H Pb A P ","24, ","0.5, ","1.60 x 0.80 x 0.60, ","SOD-523-2 ","1 ","260 ","0.0591 ",
"SZMM5Z7V5T5G","Active","H Pb A P ","7.5, ","0.5, ","1.60 x 0.80 x 0.60, ","SOD-523-2 ","1 ","260 ","0.0591 ",
"SZMM5Z7V5T1G","Active","H Pb A P ","7.5, ","0.5, ","1.60 x 0.80 x 0.60, ","SOD-523-2 ","1 ","260 ","0.0591 ",
"SZMM5Z24VT5G","Active","H Pb A P ","24, ","0.5, ","1.60 x 0.80 x 0.60, ","SOD-523-2 ","1 ","260 ","0.0591 ",
"MM5Z6V2T5G","Active","H Pb   ","6.2, ","0.5, ","1.60 x 0.80 x 0.60, ","SOD-523-2 ","1 ","260 ","0.022 ",
"MM5Z24VT5G","Active","H Pb   ","24, ","0.5, ","1.60 x 0.80 x 0.60, ","SOD-523-2 ","1 ","260 ","0.022 ",
"MM5Z9V1T1G","Active","H Pb   ","9.1, ","0.5, ","1.60 x 0.80 x 0.60, ","SOD-523-2 ","1 ","260 ","0.0248 ",
"SZMM5Z22VT1G","Active","H Pb A P ","-, ","-, ","1.60 x 0.80 x 0.60, ","SOD-523-2 ","1 ","260 ","0.0376 ",
"MM5Z10VT5G","Active","H Pb   ","10, ","0.5, ","1.60 x 0.80 x 0.60, ","SOD-523-2 ","1 ","260 ","0.022 ",
"SZMM5Z20VT1G","Active","H Pb A P ","20, ","0.5, ","1.60 x 0.80 x 0.60, ","SOD-523-2 ","1 ","260 ","0.0667 ",
"MM5Z24VT1G","Active","H Pb   ","24, ","0.5, ","1.60 x 0.80 x 0.60, ","SOD-523-2 ","1 ","260 ","0.022 ",
"MM5Z5V1T1G","Active","H Pb   ","5.1, ","0.5, ","1.60 x 0.80 x 0.60, ","SOD-523-2 ","1 ","260 ","0.022 ",
"MM5Z10VT1G","Active","H Pb   ","10, ","0.5, ","1.60 x 0.80 x 0.60, ","SOD-523-2 ","1 ","260 ","0.022 ",
"SZMM5Z20VT5G","Active","H Pb A P ","20, ","0.5, ","1.60 x 0.80 x 0.60, ","SOD-523-2 ","1 ","260 ","0.0667 ",
"MM5Z5V1T5G","Active","H Pb   ","5.1, ","0.5, ","1.60 x 0.80 x 0.60, ","SOD-523-2 ","1 ","260 ","0.022 ",
"MM5Z12VT5G","Active","H Pb   ","12, ","0.5, ","1.60 x 0.80 x 0.60, ","SOD-523-2 ","1 ","260 ","0.022 ",
"SZMM5Z4V7T1G","Active","H Pb A P ","4.7, ","0.5, ","1.60 x 0.80 x 0.60, ","SOD-523-2 ","1 ","260 ","0.0785 ",
"SZMM5Z6V2T1G","Active","H Pb A P ","6.2, ","0.5, ","1.60 x 0.80 x 0.60, ","SOD-523-2 ","1 ","260 ","0.0785 ",
"MM5Z4V3T1G","Active","H Pb   ","4.3, ","0.5, ","1.60 x 0.80 x 0.60, ","SOD-523-2 ","1 ","260 ","0.022 ",
"SZMM5Z47VT1G","Active","H Pb A P ","47, ","0.5, ","1.60 x 0.80 x 0.60, ","SOD-523-2 ","1 ","260 ","0.0785 ",
"SZMM5Z11VT5G","Active","H Pb A P ","-, ","-, ","1.60 x 0.80 x 0.60, ","SOD-523-2 ","1 ","260 ","0.0376 ",
"SZMM5Z6V2T5G","Active","H Pb A P ","6.2, ","0.5, ","1.60 x 0.80 x 0.60, ","SOD-523-2 ","1 ","260 ","0.0785 ",
"SZMM5Z47VT5G","Active","H Pb A P ","47, ","0.5, ","1.60 x 0.80 x 0.60, ","SOD-523-2 ","1 ","260 ","0.0785 ",
"SZMM5Z4V3T5G","Active","H Pb A P ","4.3, ","0.5, ","1.60 x 0.80 x 0.60, ","SOD-523-2 ","1 ","260 ","0.0872 ",
"MM5Z15VT5G","Active","H Pb   ","15, ","0.5, ","1.60 x 0.80 x 0.60, ","SOD-523-2 ","1 ","260 ","0.0243 ",
"MM5Z6V2T1G","Active","H Pb   ","6.2, ","0.5, ","1.60 x 0.80 x 0.60, ","SOD-523-2 ","1 ","260 ","0.022 ",
"SZMM5Z39VT1G","Active","H Pb A P ","-, ","-, ","1.60 x 0.80 x 0.60, ","SOD-523-2 ","1 ","260 ","0.0376 ",
"SZMM5Z4V3T1G","Active","H Pb A P ","4.3, ","0.5, ","1.60 x 0.80 x 0.60, ","SOD-523-2 ","1 ","260 ","0.0872 ",
"MM5Z15VT1G","Active","H Pb   ","15, ","0.5, ","1.60 x 0.80 x 0.60, ","SOD-523-2 ","1 ","260 ","0.0243 ",
"SZMM5Z30VT5G","Active","H Pb A P ","30, ","0.5, ","1.60 x 0.80 x 0.60, ","SOD-523-2 ","1 ","260 ","0.0793 ",
"SZMM5Z13VT1G","Active","H Pb A P ","13, ","0.5, ","1.60 x 0.80 x 0.60, ","SOD-523-2 ","1 ","260 ","0.0689 ",
"MM5Z47VT1G","Active","H Pb   ","47, ","0.5, ","1.60 x 0.80 x 0.60, ","SOD-523-2 ","1 ","260 ","0.0247 ",
"SZMM5Z2V4T5G","Active","H Pb A P ","2.4, ","0.5, ","1.60 x 0.80 x 0.60, ","SOD-523-2 ","1 ","260 ","0.0785 ",
"SZMM5Z15VT5G","Active","H Pb A P ","15, ","0.5, ","1.60 x 0.80 x 0.60, ","SOD-523-2 ","1 ","260 ","0.0785 ",
"MM5Z2V4T1G","Active","H Pb   ","2.4, ","0.5, ","1.60 x 0.80 x 0.60, ","SOD-523-2 ","1 ","260 ","0.022 ",
"MM5Z47VT5G","Active","H Pb   ","47, ","0.5, ","1.60 x 0.80 x 0.60, ","SOD-523-2 ","1 ","260 ","0.0247 ",
"SZMM5Z5V1T1G","Active","H Pb A P ","5.1, ","0.5, ","1.60 x 0.80 x 0.60, ","SOD-523-2 ","1 ","260 ","0.0591 ",
"SZMM5Z11VT1G","Active","H Pb A P ","-, ","-, ","1.60 x 0.80 x 0.60, ","SOD-523-2 ","1 ","260 ","0.0376 ",
"SZMM5Z4V7T5G","Active","H Pb A P ","4.7, ","0.5, ","1.60 x 0.80 x 0.60, ","SOD-523-2 ","1 ","260 ","0.0785 ",
"SZMM5Z13VT5G","Active","H Pb A P ","15, ","0.5, ","1.60 x 0.80 x 0.60, ","SOD-523-2 ","1 ","260 ","0.0689 ",
"SZMM5Z5V1T5G","Active","H Pb A P ","5.1, ","0.5, ","1.60 x 0.80 x 0.60, ","SOD-523-2 ","1 ","260 ","0.0591 ",
"MM5Z2V7T5G","Active","H Pb   ","2.7, ","0.5, ","1.60 x 0.80 x 0.60, ","SOD-523-2 ","1 ","260 ","0.022 ",
"MM5Z27VT1G","Active","H Pb   ","27, ","0.5, ","1.60 x 0.80 x 0.60, ","SOD-523-2 ","1 ","260 ","0.022 ",
"MM5Z5V6T5G","Active","H Pb   ","5.6, ","0.5, ","1.60 x 0.80 x 0.60, ","SOD-523-2 ","1 ","260 ","0.022 ",
"SZMM5Z27VT5G","Active","H Pb A P ","27, ","0.5, ","1.60 x 0.80 x 0.60, ","SOD-523-2 ","1 ","260 ","0.0591 ",
"MM5Z18VT1G","Active","H Pb   ","18, ","0.5, ","1.60 x 0.80 x 0.60, ","SOD-523-2 ","1 ","260 ","0.022 ",
"SZMM5Z3V6T1G","Active","H Pb A P ","3.6, ","0.5, ","1.60 x 0.80 x 0.60, ","SOD-523-2 ","1 ","260 ","0.0785 ",
"MM5Z5V6T1G","Active","H Pb   ","5.6, ","0.5, ","1.60 x 0.80 x 0.60, ","SOD-523-2 ","1 ","260 ","0.022 ",
"SZMM5Z16VT5G","Active","H Pb A P ","16, ","0.5, ","1.60 x 0.80 x 0.60, ","SOD-523-2 ","1 ","260 ","0.0591 ",
"SZMM5Z5V6T5G","Active","H Pb A P ","5.6, ","0.5, ","1.60 x 0.80 x 0.60, ","SOD-523-2 ","1 ","260 ","0.0591 ",
"SZMM5Z3V6T5G","Active","H Pb A P ","3.6, ","0.5, ","1.60 x 0.80 x 0.60, ","SOD-523-2 ","1 ","260 ","0.0785 ",
"SZMM5Z43VT1G","Active","H Pb A P ","-, ","-, ","1.60 x 0.80 x 0.60, ","SOD-523-2 ","1 ","260 ","0.0376 ",
"SZMM5Z18VT1G","Active","H Pb A P ","18, ","0.5, ","1.60 x 0.80 x 0.60, ","SOD-523-2 ","1 ","260 ","0.0591 ",
"SZMM5Z30VT1G","Active","H Pb A P ","30, ","0.5, ","1.60 x 0.80 x 0.60, ","SOD-523-2 ","1 ","260 ","0.0793 ",
"SZMM5Z16VT1G","Active","H Pb A P ","16, ","0.5, ","1.60 x 0.80 x 0.60, ","SOD-523-2 ","1 ","260 ","0.0591 ",
"MM5Z2V7T1G","Active","H Pb   ","2.7, ","0.5, ","1.60 x 0.80 x 0.60, ","SOD-523-2 ","1 ","260 ","0.022 ",
"MM5Z36VT1G","Active","H Pb   ","36, ","0.5, ","1.60 x 0.80 x 0.60, ","SOD-523-2 ","1 ","260 ","0.022 ",
"SZMM5Z5V6T1G","Active","H Pb A P ","5.6, ","0.5, ","1.60 x 0.80 x 0.60, ","SOD-523-2 ","1 ","260 ","0.0591 ",
"SZMM5Z2V4T1G","Active","H Pb A P ","2.4, ","0.5, ","1.60 x 0.80 x 0.60, ","SOD-523-2 ","1 ","260 ","0.0785 ",
"SZMM5Z18VT5G","Active","H Pb A P ","18, ","0.5, ","1.60 x 0.80 x 0.60, ","SOD-523-2 ","1 ","260 ","0.0591 ",
"SZMM5Z8V2T1G","Active","H Pb A P ","8.2, ","0.5, ","1.60 x 0.80 x 0.60, ","SOD-523-2 ","1 ","260 ","0.0667 ",
"MM5Z3V6T1G","Active","H Pb   ","3.6, ","0.5, ","1.60 x 0.80 x 0.60, ","SOD-523-2 ","1 ","260 ","0.022 ",
"SZMM5Z8V2T5G","Active","H Pb A P ","8.2, ","0.5, ","1.60 x 0.80 x 0.60, ","SOD-523-2 ","1 ","260 ","0.0667 ",
"MM5Z4V7T5G","Active","H Pb   ","4.7, ","0.5, ","1.60 x 0.80 x 0.60, ","SOD-523-2 ","1 ","260 ","0.022 ",
"MM5Z3V6T5G","Active","H Pb   ","3.6, ","0.5, ","1.60 x 0.80 x 0.60, ","SOD-523-2 ","1 ","260 ","0.022 ",
"SZMM5Z2V7T1G","Active","H Pb A P ","2.7, ","0.5, ","1.60 x 0.80 x 0.60, ","SOD-523-2 ","1 ","260 ","0.0785 ",
"SZMM5Z36VT1G","Active","H Pb A P ","36, ","0.5, ","1.60 x 0.80 x 0.60, ","SOD-523-2 ","1 ","260 ","0.0667 ",
"MM5Z4V7T1G","Active","H Pb   ","4.7, ","0.5, ","1.60 x 0.80 x 0.60, ","SOD-523-2 ","1 ","260 ","0.022 ",
"MM5Z11VT5G","Active","H Pb   ","11, ","0.5, ","1.60 x 0.80 x 0.60, ","SOD-523-2 ","1 ","260 ","0.022 ",
"SZMM5Z2V7T5G","Active","H Pb A P ","2.7, ","0.5, ","1.60 x 0.80 x 0.60, ","SOD-523-2 ","1 ","260 ","0.0785 ",
"SZMM5Z36VT5G","Active","H Pb A P ","36, ","0.5, ","1.60 x 0.80 x 0.60, ","SOD-523-2 ","1 ","260 ","0.0667 ",
"MM5Z11VT1G","Active","H Pb   ","11, ","0.5, ","1.60 x 0.80 x 0.60, ","SOD-523-2 ","1 ","260 ","0.022 ",
"SZMM5Z3V3T1G","Active","H Pb A P ","3.3, ","0.5, ","1.60 x 0.80 x 0.60, ","SOD-523-2 ","1 ","260 ","0.0591 ",
"MM5Z6V8T1G","Active","H Pb   ","6.8, ","0.5, ","1.60 x 0.80 x 0.60, ","SOD-523-2 ","1 ","260 ","0.022 ",
"MM5Z20VT1G","Active","H Pb   ","20, ","0.5, ","1.60 x 0.80 x 0.60, ","SOD-523-2 ","1 ","260 ","0.022 ",
"SZMM5Z3V3T5G","Active","H Pb A P ","3.3, ","0.5, ","1.60 x 0.80 x 0.60, ","SOD-523-2 ","1 ","260 ","0.0591 ",
"MM5Z12VT1G","Active","H Pb   ","12, ","0.5, ","1.60 x 0.80 x 0.60, ","SOD-523-2 ","1 ","260 ","0.022 ",
"SZMM5Z10VT5G","Active","H Pb A P ","10, ","0.5, ","1.60 x 0.80 x 0.60, ","SOD-523-2 ","1 ","260 ","0.0591 ",
"MM5Z20VT5G","Active","H Pb   ","20, ","0.5, ","1.60 x 0.80 x 0.60, ","SOD-523-2 ","1 ","260 ","0.022 ",
"SZMM5Z9V1T1G","Active","H Pb A P ","9.1, ","0.5, ","1.60 x 0.80 x 0.60, ","SOD-523-2 ","1 ","260 ","0.0785 ",
"SZMM5Z10VT1G","Active","H Pb A P ","10, ","0.5, ","1.60 x 0.80 x 0.60, ","SOD-523-2 ","1 ","260 ","0.0591 ",
"MM5Z8V2T1G","Active","H Pb   ","8.2, ","0.5, ","1.60 x 0.80 x 0.60, ","SOD-523-2 ","1 ","260 ","0.022 ",
"SZMM5Z9V1T5G","Active","H Pb A P ","9.1, ","0.5, ","1.60 x 0.80 x 0.60, ","SOD-523-2 ","1 ","260 ","0.0785 ",
"MM5Z16VT5G","Active","H Pb   ","16, ","0.5, ","1.60 x 0.80 x 0.60, ","SOD-523-2 ","1 ","260 ","0.022 ",
"MM5Z16VT1G","Active","H Pb   ","16, ","0.5, ","1.60 x 0.80 x 0.60, ","SOD-523-2 ","1 ","260 ","0.022 ",
"SZMM5Z6V8T1G","Active","H Pb A P ","6.8, ","0.5, ","1.60 x 0.80 x 0.60, ","SOD-523-2 ","1 ","260 ","0.0591 ",
"MM5Z7V5T1G","Active","H Pb   ","7.5, ","0.5, ","1.60 x 0.80 x 0.60, ","SOD-523-2 ","1 ","260 ","0.022 ",
"SZMM5Z3V0T1G","Active","H Pb A P ","3, ","0.5, ","1.60 x 0.80 x 0.60, ","SOD-523-2 ","1 ","260 ","0.0591 ",
"SZMM5Z6V8T5G","Active","H Pb A P ","6.8, ","0.5, ","1.60 x 0.80 x 0.60, ","SOD-523-2 ","1 ","260 ","0.0591 ",
"MM5Z3V3T1G","Active","H Pb   ","3.3, ","0.5, ","1.60 x 0.80 x 0.60, ","SOD-523-2 ","1 ","260 ","0.022 ",
"SZMM5Z12VT5G","Active","H Pb A P ","12, ","0.5, ","1.60 x 0.80 x 0.60, ","SOD-523-2 ","1 ","260 ","0.0667 ",
"SZMM5Z3V0T5G","Active","H Pb A P ","3, ","0.5, ","1.60 x 0.80 x 0.60, ","SOD-523-2 ","1 ","260 ","0.0591 ",
"SZMM5Z27VT1G","Active","H Pb A P ","27, ","0.5, ","1.60 x 0.80 x 0.60, ","SOD-523-2 ","1 ","260 ","0.0591 ",
"MM5Z33VT1G","Active","H Pb   ","33, ","0.5, ","1.60 x 0.80 x 0.60, ","SOD-523-2 ","1 ","260 ","0.022 ",
"MM5Z3V3T5G","Active","H Pb   ","3.3, ","0.5, ","1.60 x 0.80 x 0.60, ","SOD-523-2 ","1 ","260 ","0.022 ",
"SZMM5Z12VT1G","Active","H Pb A P ","12, ","0.5, ","1.60 x 0.80 x 0.60, ","SOD-523-2 ","1 ","260 ","0.0667 ",
"MM5Z33VT5G","Active","H Pb   ","33, ","0.5, ","1.60 x 0.80 x 0.60, ","SOD-523-2 ","1 ","260 ","0.022 ",
"SZMM5Z3V9T1G","Active","H Pb A P ","3.9, ","0.5, ","1.60 x 0.80 x 0.60, ","SOD-523-2 ","1 ","260 ","0.1444 ",
"SZMM5Z3V9T5G","Active","H Pb A P ","3.9, ","0.5, ","1.60 x 0.80 x 0.60, ","SOD-523-2 ","1 ","260 ","0.0761 ",
"MM5Z3V9T1G","Active","H Pb   ","3.9, ","0.5, ","1.60 x 0.80 x 0.60, ","SOD-523-2 ","1 ","260 ","0.022 ",
"MM5Z3V9T5G","Active","H Pb   ","3.9, ","0.5, ","1.60 x 0.80 x 0.60, ","SOD-523-2 ","1 ","260 ","0.022 ",
"MM5Z4686T1G","Active","H Pb   ","3.9, ","0.5, ","1.60 x 0.80 x 0.60, ","SOD-523-2 ","1 ","260 ","0.0336 ",
"SZMM5Z4681T1G","Active","H Pb A P ","2.4, ","0.5, ","1.60 x 0.80 x 0.60, ","SOD-523-2 ","1 ","260 ","0.0 ",
"SZMM5Z4702T5G","Active","H Pb A P ","-, ","-, ","1.60 x 0.80 x 0.60, ","SOD-523-2 ","1 ","260 ","0.0401 ",
"SZMM5Z4688T1G","Active","H Pb A P ","4.7, ","0.5, ","1.60 x 0.80 x 0.60, ","SOD-523-2 ","1 ","260 ","0.0401 ",
"MM5Z4678T1G","Active","H Pb   ","1.8, ","0.5, ","1.60 x 0.80 x 0.60, ","SOD-523-2 ","1 ","260 ","0.0336 ",
"SZMM5Z4714T1G","Active","H Pb A P ","33, ","0.5, ","1.60 x 0.80 x 0.60, ","SOD-523-2 ","1 ","260 ","0.0401 ",
"MM5Z4715T1G","Active","H Pb   ","36, ","0.5, ","1.60 x 0.80 x 0.60, ","SOD-523-2 ","1 ","260 ","0.0336 ",
"SZMM5Z4685T1G","Active","H Pb A P ","3.6, ","0.5, ","1.60 x 0.80 x 0.60, ","SOD-523-2 ","1 ","260 ","0.0401 ",
"MM5Z4678T5G","Active","H Pb   ","1.8, ","0.5, ","1.60 x 0.80 x 0.60, ","SOD-523-2 ","1 ","260 ","0.0336 ",
"SZMM5Z4717T1G","Active","H Pb A P ","43, ","0.5, ","1.60 x 0.80 x 0.60, ","SOD-523-2 ","1 ","260 ","0.0401 ",
"SZMM5Z4697T1G","Active","H Pb A P ","10, ","0.5, ","1.60 x 0.80 x 0.60, ","SOD-523-2 ","1 ","260 ","0.0401 ",
"SZMM5Z4681T5G","Active","H Pb A P ","2.4, ","0.5, ","1.60 x 0.80 x 0.60, ","SOD-523-2 ","1 ","260 ","0.0 ",
"SZMM5Z4693T1G","Active","H Pb A P ","7.5, ","0.5, ","1.60 x 0.80 x 0.60, ","SOD-523-2 ","1 ","260 ","0.0401 ",
"SZMM5Z4709T1G","Active","H Pb A P ","24, ","0.5, ","1.60 x 0.80 x 0.60, ","SOD-523-2 ","1 ","260 ","0.0401 ",
"SZMM5Z4690T1G","Active","H Pb A P ","5.6, ","0.5, ","1.60 x 0.80 x 0.60, ","SOD-523-2 ","1 ","260 ","0.0401 ",
"SZMM5Z4689T5G","Active","H Pb A P ","-, ","-, ","1.60 x 0.80 x 0.60, ","SOD-523-2 ","1 ","260 ","0.0401 ",
"MM5Z4687T1G","Active","H Pb   ","4.3, ","0.5, ","1.60 x 0.80 x 0.60, ","SOD-523-2 ","1 ","260 ","0.0336 ",
"SZMM5Z4711T5G","Active","H Pb A P ","-, ","-, ","1.60 x 0.80 x 0.60, ","SOD-523-2 ","1 ","260 ","0.0401 ",
"SZMM5Z4703T1G","Active","H Pb A P ","16, ","0.5, ","1.60 x 0.80 x 0.60, ","SOD-523-2 ","1 ","260 ","0.0401 ",
"MM5Z4699T5G","Active","H Pb   ","-, ","-, ","1.60 x 0.80 x 0.60, ","SOD-523-2 ","1 ","260 ","0.0367 ",
"SZMM5Z4689T1G","Active","H Pb A P ","5.1, ","0.5, ","1.60 x 0.80 x 0.60, ","SOD-523-2 ","1 ","260 ","0.0819 ",
"SZMM5Z4715T1G","Active","H Pb A P ","36, ","0.5, ","1.60 x 0.80 x 0.60, ","SOD-523-2 ","1 ","260 ","0.0401 ",
"MM5Z4680T1G","Active","H Pb   ","2.2, ","0.5, ","1.60 x 0.80 x 0.60, ","SOD-523-2 ","1 ","260 ","0.0336 ",
"MM5Z4679T1G","Active","H Pb   ","2, ","0.5, ","1.60 x 0.80 x 0.60, ","SOD-523-2 ","1 ","260 ","0.0 ",
"SZMM5Z4686T1G","Active","H Pb A P ","3.9, ","0.5, ","1.60 x 0.80 x 0.60, ","SOD-523-2 ","1 ","260 ","0.0401 ",
"MM5Z4679T5G","Active","H Pb   ","2, ","0.5, ","1.60 x 0.80 x 0.60, ","SOD-523-2 ","1 ","260 ","0.0 ",
"SZMM5Z4711T1G","Active","H Pb A P ","27, ","0.5, ","1.60 x 0.80 x 0.60, ","SOD-523-2 ","1 ","260 ","0.0401 ",
"SZMM5Z4682T5G","Active","H Pb A P ","-, ","-, ","1.60 x 0.80 x 0.60, ","SOD-523-2 ","1 ","260 ","0.0401 ",
"SZMM5Z4694T5G","Active","H Pb A P ","-, ","-, ","1.60 x 0.80 x 0.60, ","SOD-523-2 ","1 ","260 ","0.0401 ",
"SZMM5Z4678T5G","Active","H Pb A P ","1.8, ","0.5, ","1.60 x 0.80 x 0.60, ","SOD-523-2 ","1 ","260 ","0.0 ",
"MM5Z4688T1G","Active","H Pb   ","4.7, ","0.5, ","1.60 x 0.80 x 0.60, ","SOD-523-2 ","1 ","260 ","0.0376 ",
"MM5Z4705T1G","Active","H Pb   ","18, ","0.5, ","1.60 x 0.80 x 0.60, ","SOD-523-2 ","1 ","260 ","0.0336 ",
"MM5Z4717T1G","Active","H Pb   ","43, ","0.5, ","1.60 x 0.80 x 0.60, ","SOD-523-2 ","1 ","260 ","0.0336 ",
"SZMM5Z4678T1G","Active","H Pb A P ","1.8, ","0.5, ","1.60 x 0.80 x 0.60, ","SOD-523-2 ","1 ","260 ","0.0401 ",
"MM5Z4714T1G","Active","H Pb   ","33, ","0.5, ","1.60 x 0.80 x 0.60, ","SOD-523-2 ","1 ","260 ","0.0336 ",
"MM5Z4693T1G","Active","H Pb   ","7.5, ","0.5, ","1.60 x 0.80 x 0.60, ","SOD-523-2 ","1 ","260 ","0.0336 ",
"MM5Z4681T1G","Active","H Pb   ","2.4, ","0.5, ","1.60 x 0.80 x 0.60, ","SOD-523-2 ","1 ","260 ","0.0 ",
"MM5Z4681T5G","Active","H Pb   ","2.4, ","0.5, ","1.60 x 0.80 x 0.60, ","SOD-523-2 ","1 ","260 ","0.0 ",
"MM5Z4709T1G","Active","H Pb   ","24, ","0.5, ","1.60 x 0.80 x 0.60, ","SOD-523-2 ","1 ","260 ","0.0336 ",
"MM5Z4697T1G","Active","H Pb   ","10, ","0.5, ","1.60 x 0.80 x 0.60, ","SOD-523-2 ","1 ","260 ","0.0336 ",
"SZMM5Z4679T1G","Active","H Pb A P ","2, ","0.5, ","1.60 x 0.80 x 0.60, ","SOD-523-2 ","1 ","260 ","0.0 ",
"MM5Z4685T1G","Active","H Pb   ","3.6, ","0.5, ","1.60 x 0.80 x 0.60, ","SOD-523-2 ","1 ","260 ","0.0476 ",
"SZMM5Z4680T1G","Active","H Pb A P ","2.2, ","0.5, ","1.60 x 0.80 x 0.60, ","SOD-523-2 ","1 ","260 ","0.0401 ",
"SZMM5Z4679T5G","Active","H Pb A P ","2, ","0.5, ","1.60 x 0.80 x 0.60, ","SOD-523-2 ","1 ","260 ","0.0 ",
"SZMM5Z4687T1G","Active","H Pb A P ","4.3, ","0.5, ","1.60 x 0.80 x 0.60, ","SOD-523-2 ","1 ","260 ","0.0401 ",
"SZMM5Z4705T1G","Active","H Pb A P ","18, ","0.5, ","1.60 x 0.80 x 0.60, ","SOD-523-2 ","1 ","260 ","0.0401 ",
"MM5Z4702T5G","Active","H Pb   ","-, ","-, ","1.60 x 0.80 x 0.60, ","SOD-523-2 ","1 ","260 ","0.0363 ",
"SZMM5Z4699T5G","Active","H Pb A P ","-, ","-, ","1.60 x 0.80 x 0.60, ","SOD-523-2 ","1 ","260 ","0.0401 ",
"MM5Z4690T1G","Active","H Pb   ","5.6, ","0.5, ","1.60 x 0.80 x 0.60, ","SOD-523-2 ","1 ","260 ","0.0336 ",
"MM5Z4689T1G","Active","H Pb   ","5.1, ","0.5, ","1.60 x 0.80 x 0.60, ","SOD-523-2 ","1 ","260 ","0.0488 ",
"MM5Z4689T5G","Active","H Pb   ","-, ","-, ","1.60 x 0.80 x 0.60, ","SOD-523-2 ","1 ","260 ","0.0336 ",
"MM5Z4703T1G","Active","H Pb   ","16, ","0.5, ","1.60 x 0.80 x 0.60, ","SOD-523-2 ","1 ","260 ","0.0336 ",
"MM5Z4711T5G","Active","H Pb   ","-, ","-, ","1.60 x 0.80 x 0.60, ","SOD-523-2 ","1 ","260 ","0.0336 ",
"MM5Z4711T1G","Active","H Pb   ","27, ","0.5, ","1.60 x 0.80 x 0.60, ","SOD-523-2 ","1 ","260 ","0.0488 ",
"MM5Z4694T5G","Active","H Pb   ","-, ","-, ","1.60 x 0.80 x 0.60, ","SOD-523-2 ","1 ","260 ","0.0367 ",
"MM5Z4682T5G","Active","H Pb   ","-, ","-, ","1.60 x 0.80 x 0.60, ","SOD-523-2 ","1 ","260 ","0.0336 ",
"MMBZ5V6ALT1G","Active","H Pb   ","5.6, ","0.225, ","2.90 x 2.40 x 1.00, ","SOT-23 (TO-236) 2.90x1.30x1.00, 1.90P ","1 ","260 ","0.0252 ",
"SZMMBZ20VALT3G","Active","H Pb A P ","20, ","0.225, ","2.90 x 2.40 x 1.00, ","SOT-23 (TO-236) 2.90x1.30x1.00, 1.90P ","1 ","260 ","0.0277 ",
"MMBZ5V6ALT3G","Active","H Pb   ","5.6, ","0.225, ","2.90 x 2.40 x 1.00, ","SOT-23 (TO-236) 2.90x1.30x1.00, 1.90P ","1 ","260 ","0.0252 ",
"SZMMBZ20VALT1G","Active","H Pb A P ","20, ","0.225, ","2.90 x 2.40 x 1.00, ","SOT-23 (TO-236) 2.90x1.30x1.00, 1.90P ","1 ","260 ","0.0277 ",
"MMBZ9V1ALT1G","Active","H Pb   ","9.1, ","0.225, ","2.90 x 2.40 x 1.00, ","SOT-23 (TO-236) 2.90x1.30x1.00, 1.90P ","1 ","260 ","0.0252 ",
"SZMMBZ16VALT1G","Active","H Pb A P ","16, ","0.225, ","2.90 x 2.40 x 1.00, ","SOT-23 (TO-236) 2.90x1.30x1.00, 1.90P ","1 ","260 ","0.0277 ",
"SZMMBZ5V6ALT1G","Active","H Pb A P ","5.6, ","0.225, ","2.90 x 2.40 x 1.00, ","SOT-23 (TO-236) 2.90x1.30x1.00, 1.90P ","1 ","260 ","0.0277 ",
"MMBZ20VALT1G","Active","H Pb   ","20, ","0.225, ","2.90 x 2.40 x 1.00, ","SOT-23 (TO-236) 2.90x1.30x1.00, 1.90P ","1 ","260 ","0.0252 ",
"SZMMBZ27VALT1G","Active","H Pb A P ","27, ","0.225, ","2.90 x 2.40 x 1.00, ","SOT-23 (TO-236) 2.90x1.30x1.00, 1.90P ","1 ","260 ","0.0277 ",
"SZMMBZ27VALT3G","Active","H Pb A P ","27, ","0.225, ","2.90 x 2.40 x 1.00, ","SOT-23 (TO-236) 2.90x1.30x1.00, 1.90P ","1 ","260 ","0.0277 ",
"MMBZ47VALT1G","Active","H Pb   ","47, ","0.225, ","2.90 x 2.40 x 1.00, ","SOT-23 (TO-236) 2.90x1.30x1.00, 1.90P ","1 ","260 ","0.0252 ",
"MMBZ47VTALT1G","Active","H Pb   ","47, ","0.225, ","2.90 x 2.40 x 1.00, ","SOT-23 (TO-236) 2.90x1.30x1.00, 1.90P ","1 ","260 ","0.0287 ",
"SZMMBZ15VALT3G","Active","H Pb A P ","15, ","0.225, ","2.90 x 2.40 x 1.00, ","SOT-23 (TO-236) 2.90x1.30x1.00, 1.90P ","1 ","260 ","0.0277 ",
"SZMMBZ18VALT1G","Active","H Pb A P ","18, ","0.225, ","2.90 x 2.40 x 1.00, ","SOT-23 (TO-236) 2.90x1.30x1.00, 1.90P ","1 ","260 ","0.0277 ",
"SZMMBZ18VALT3G","Active","H Pb A P ","18, ","0.225, ","2.90 x 2.40 x 1.00, ","SOT-23 (TO-236) 2.90x1.30x1.00, 1.90P ","1 ","260 ","0.0277 ",
"SZMMBZ16VTALT1G","Active","H Pb A P ","16, ","0.225, ","2.90 x 2.40 x 1.00, ","SOT-23 (TO-236) 2.90x1.30x1.00, 1.90P ","1 ","260 ","0.0313 ",
"MMBZ16VALT1G","Active","H Pb   ","16, ","0.225, ","2.90 x 2.40 x 1.00, ","SOT-23 (TO-236) 2.90x1.30x1.00, 1.90P ","1 ","260 ","0.0252 ",
"MMBZ18VALT1G","Active","H Pb   ","18, ","0.225, ","2.90 x 2.40 x 1.00, ","SOT-23 (TO-236) 2.90x1.30x1.00, 1.90P ","1 ","260 ","0.0252 ",
"MMBZ12VALT1G","Active","H Pb   ","12, ","0.225, ","2.90 x 2.40 x 1.00, ","SOT-23 (TO-236) 2.90x1.30x1.00, 1.90P ","1 ","260 ","0.0252 ",
"SZMMBZ47VTALT1G","Active","H Pb A P ","47, ","0.225, ","2.90 x 2.40 x 1.00, ","SOT-23 (TO-236) 2.90x1.30x1.00, 1.90P ","1 ","260 ","0.0313 ",
"SZMMBZ33VALT3G","Active","H Pb A P ","33, ","0.225, ","2.90 x 2.40 x 1.00, ","SOT-23 (TO-236) 2.90x1.30x1.00, 1.90P ","1 ","260 ","0.0277 ",
"SZMMBZ33VALT1G","Active","H Pb A P ","33, ","0.225, ","2.90 x 2.40 x 1.00, ","SOT-23 (TO-236) 2.90x1.30x1.00, 1.90P ","1 ","260 ","0.0277 ",
"MMBZ15VALT1G","Active","H Pb   ","15, ","0.225, ","2.90 x 2.40 x 1.00, ","SOT-23 (TO-236) 2.90x1.30x1.00, 1.90P ","1 ","260 ","0.0252 ",
"SZMMBZ12VALT1G","Active","H Pb A P ","12, ","0.225, ","2.90 x 2.40 x 1.00, ","SOT-23 (TO-236) 2.90x1.30x1.00, 1.90P ","1 ","260 ","0.0277 ",
"MMBZ27VALT1G","Active","H Pb   ","27, ","0.225, ","2.90 x 2.40 x 1.00, ","SOT-23 (TO-236) 2.90x1.30x1.00, 1.90P ","1 ","260 ","0.0252 ",
"MMBZ6V2ALT1G","Active","H Pb   ","6.2, ","0.225, ","2.90 x 2.40 x 1.00, ","SOT-23 (TO-236) 2.90x1.30x1.00, 1.90P ","1 ","260 ","0.0252 ",
"MMBZ27VALT3G","Active","H Pb   ","27, ","0.225, ","2.90 x 2.40 x 1.00, ","SOT-23 (TO-236) 2.90x1.30x1.00, 1.90P ","1 ","260 ","0.0252 ",
"SZMMBZ6V8ALT3G","Active","H Pb A P ","6.8, ","0.225, ","2.90 x 2.40 x 1.00, ","SOT-23 (TO-236) 2.90x1.30x1.00, 1.90P ","1 ","260 ","0.0277 ",
"SZMMBZ6V8ALT1G","Active","H Pb A P ","6.8, ","0.225, ","2.90 x 2.40 x 1.00, ","SOT-23 (TO-236) 2.90x1.30x1.00, 1.90P ","1 ","260 ","0.0277 ",
"SZMMBZ15VALT1G","Active","H Pb A P ","15, ","0.225, ","2.90 x 2.40 x 1.00, ","SOT-23 (TO-236) 2.90x1.30x1.00, 1.90P ","1 ","260 ","0.0277 ",
"SZMMBZ47VALT1G","Active","H Pb A P ","47, ","0.225, ","2.90 x 2.40 x 1.00, ","SOT-23 (TO-236) 2.90x1.30x1.00, 1.90P ","1 ","260 ","0.0277 ",
"SZMMBZ6V2ALT1G","Active","H Pb A P ","6.2, ","0.225, ","2.90 x 2.40 x 1.00, ","SOT-23 (TO-236) 2.90x1.30x1.00, 1.90P ","1 ","260 ","0.0277 ",
"MMBZ33VALT1G","Active","H Pb   ","33, ","0.225, ","2.90 x 2.40 x 1.00, ","SOT-23 (TO-236) 2.90x1.30x1.00, 1.90P ","1 ","260 ","0.0252 ",
"SZMMBZ9V1ALT3G","Active","H Pb A P ","9.1, ","0.225, ","2.90 x 2.40 x 1.00, ","SOT-23 (TO-236) 2.90x1.30x1.00, 1.90P ","1 ","260 ","0.0277 ",
"MMBZ6V8ALT1G","Active","H Pb   ","6.8, ","0.225, ","2.90 x 2.40 x 1.00, ","SOT-23 (TO-236) 2.90x1.30x1.00, 1.90P ","1 ","260 ","0.0252 ",
"SZMMBZ27VCLT1G","Active","H Pb A P ","27, ","0.225, ","2.90 x 2.40 x 1.00, ","SOT-23 (TO-236) 2.90x1.30x1.00, 1.90P ","1 ","260 ","0.0267 ",
"SZMMBZ27VCLT3G","Active","H Pb A P ","27, ","0.225, ","2.90 x 2.40 x 1.00, ","SOT-23 (TO-236) 2.90x1.30x1.00, 1.90P ","1 ","260 ","0.0267 ",
"MMBZ27VCLT1G","Active","H Pb   ","27, ","0.225, ","2.90 x 2.40 x 1.00, ","SOT-23 (TO-236) 2.90x1.30x1.00, 1.90P ","1 ","260 ","0.0205 ",
"SZMMBZ39VCLT3G","Active","H Pb A P ","39, ","0.225, ","2.90 x 2.40 x 1.00, ","SOT-23 (TO-236) 2.90x1.30x1.00, 1.90P ","1 ","260 ","0.0267 ",
"SZMMBZ39VCLT1G","Active","H Pb A P ","39, ","0.225, ","2.90 x 2.40 x 1.00, ","SOT-23 (TO-236) 2.90x1.30x1.00, 1.90P ","1 ","260 ","0.0267 ",
"SZMMBZ15VDLT3G","Active","H Pb A P ","15, ","0.225, ","2.90 x 2.40 x 1.00, ","SOT-23 (TO-236) 2.90x1.30x1.00, 1.90P ","1 ","260 ","0.0301 ",
"SZMMBZ15VDLT1G","Active","H Pb A P ","15, ","0.225, ","2.90 x 2.40 x 1.00, ","SOT-23 (TO-236) 2.90x1.30x1.00, 1.90P ","1 ","260 ","0.0301 ",
"MMBZ15VDLT1G","Active","H Pb   ","15, ","0.225, ","2.90 x 2.40 x 1.00, ","SOT-23 (TO-236) 2.90x1.30x1.00, 1.90P ","1 ","260 ","0.0229 ",
"MMBZ15VDLT3G","Active","H Pb   ","15, ","0.225, ","2.90 x 2.40 x 1.00, ","SOT-23 (TO-236) 2.90x1.30x1.00, 1.90P ","1 ","260 ","0.0299 ",
"SZMMBZ20VAWT1G","Active","H Pb A P ","20, ","0.2, ","2.00 x 2.10 x 0.90, ","SC-70-3 / SOT-323-3 ","1 ","260 ","0.0409 ",
"MMBZ20VAWT1G","Active","H Pb   ","20, ","0.2, ","2.00 x 2.10 x 0.90, ","SC-70-3 / SOT-323-3 ","1 ","260 ","0.0327 ",
"SZMMBZ27VAWT1G","Active","H Pb A P ","27, ","0.2, ","2.00 x 2.10 x 0.90, ","SC-70-3 / SOT-323-3 ","1 ","260 ","0.0865 ",
"SZMMBZ15VAWT1G","Active","H Pb A P ","15, ","0.2, ","2.00 x 2.10 x 0.90, ","SC-70-3 / SOT-323-3 ","1 ","260 ","0.0865 ",
"SZMMBZ33VAWT1G","Active","H Pb A P ","33, ","0.2, ","2.00 x 2.10 x 0.90, ","SC-70-3 / SOT-323-3 ","1 ","260 ","0.0493 ",
"MMBZ27VAWT1G","Active","H Pb   ","27, ","0.2, ","2.00 x 2.10 x 0.90, ","SC-70-3 / SOT-323-3 ","1 ","260 ","0.0327 ",
"MMBZ33VAWT1G","Active","H Pb   ","33, ","0.2, ","2.00 x 2.10 x 0.90, ","SC-70-3 / SOT-323-3 ","1 ","260 ","0.1051 ",
"SZMMBZ27VCWT1G","Active","H Pb A P ","27, ","0.2, ","2.00 x 2.10 x 0.90, ","SC-70-3 / SOT-323-3 ","1 ","260 ","0.0667 ",
"SZMMBZ27VCWT3G","Active","H Pb A P ","27, ","0.2, ","2.00 x 2.10 x 0.90, ","SC-70-3 / SOT-323-3 ","1 ","260 ","0.0667 ",
"MMBZ27VCWT1G","Active","H Pb   ","27, ","0.2, ","2.00 x 2.10 x 0.90, ","SC-70-3 / SOT-323-3 ","1 ","260 ","0.032 ",
"MMBZ27VCWT3G","Active","H Pb   ","27, ","0.2, ","2.00 x 2.10 x 0.90, ","SC-70-3 / SOT-323-3 ","1 ","260 ","0.032 ",
"SZMMBZ5264BLT1G","Active","H Pb A P ","60, ","0.225, ","2.90 x 2.40 x 1.00, ","SOT-23 (TO-236) 2.90x1.30x1.00, 1.90P ","1 ","260 ","0.0201 ",
"MMBZ5261BLT1G","Active","H Pb   ","47, ","0.225, ","2.90 x 2.40 x 1.00, ","SOT-23 (TO-236) 2.90x1.30x1.00, 1.90P ","1 ","260 ","0.0157 ",
"MMBZ5270BLT1G","Active","H Pb   ","91, ","0.225, ","2.90 x 2.40 x 1.00, ","SOT-23 (TO-236) 2.90x1.30x1.00, 1.90P ","1 ","260 ","0.0157 ",
"MMBZ5236BLT1G","Active","H Pb   ","7.5, ","0.225, ","2.90 x 2.40 x 1.00, ","SOT-23 (TO-236) 2.90x1.30x1.00, 1.90P ","1 ","260 ","0.0157 ",
"SZMMBZ5232BLT3G","Active","H Pb A P ","5.6, ","0.225, ","2.90 x 2.40 x 1.00, ","SOT-23 (TO-236) 2.90x1.30x1.00, 1.90P ","1 ","260 ","0.0201 ",
"SZMMBZ5239BLT1G","Active","H Pb A P ","9.1, ","0.225, ","2.90 x 2.40 x 1.00, ","SOT-23 (TO-236) 2.90x1.30x1.00, 1.90P ","1 ","260 ","0.0201 ",
"MMBZ5227BLT1G","Active","H Pb   ","3.6, ","0.225, ","2.90 x 2.40 x 1.00, ","SOT-23 (TO-236) 2.90x1.30x1.00, 1.90P ","1 ","260 ","0.0157 ",
"SZMMBZ5232BLT1G","Active","H Pb A P ","5.6, ","0.225, ","2.90 x 2.40 x 1.00, ","SOT-23 (TO-236) 2.90x1.30x1.00, 1.90P ","1 ","260 ","0.0201 ",
"MMBZ5245BLT1G","Active","H Pb   ","15, ","0.225, ","2.90 x 2.40 x 1.00, ","SOT-23 (TO-236) 2.90x1.30x1.00, 1.90P ","1 ","260 ","0.0157 ",
"SZMMBZ5237BLT1G","Active","H Pb A P ","8.2, ","0.225, ","2.90 x 2.40 x 1.00, ","SOT-23 (TO-236) 2.90x1.30x1.00, 1.90P ","1 ","260 ","0.0201 ",
"MMBZ5268BLT1G","Active","H Pb   ","82, ","0.225, ","2.90 x 2.40 x 1.00, ","SOT-23 (TO-236) 2.90x1.30x1.00, 1.90P ","1 ","260 ","0.0157 ",
"SZMMBZ5230BLT1G","Active","H Pb A P ","4.7, ","0.225, ","2.90 x 2.40 x 1.00, ","SOT-23 (TO-236) 2.90x1.30x1.00, 1.90P ","1 ","260 ","0.0201 ",
"MMBZ5243BLT1G","Active","H Pb   ","13, ","0.225, ","2.90 x 2.40 x 1.00, ","SOT-23 (TO-236) 2.90x1.30x1.00, 1.90P ","1 ","260 ","0.0157 ",
"MMBZ5263BLT1G","Active","H Pb   ","56, ","0.225, ","2.90 x 2.40 x 1.00, ","SOT-23 (TO-236) 2.90x1.30x1.00, 1.90P ","1 ","260 ","0.0157 ",
"SZMMBZ5228BLT1G","Active","H Pb A P ","3.9, ","0.225, ","2.90 x 2.40 x 1.00, ","SOT-23 (TO-236) 2.90x1.30x1.00, 1.90P ","1 ","260 ","0.0201 ",
"MMBZ5234BLT1G","Active","H Pb   ","6.2, ","0.225, ","2.90 x 2.40 x 1.00, ","SOT-23 (TO-236) 2.90x1.30x1.00, 1.90P ","1 ","260 ","0.0157 ",
"SZMMBZ5250BLT1G","Active","H Pb A P ","20, ","0.225, ","2.90 x 2.40 x 1.00, ","SOT-23 (TO-236) 2.90x1.30x1.00, 1.90P ","1 ","260 ","0.0201 ",
"SZMMBZ5241BLT1G","Active","H Pb A P ","11, ","0.225, ","2.90 x 2.40 x 1.00, ","SOT-23 (TO-236) 2.90x1.30x1.00, 1.90P ","1 ","260 ","0.0201 ",
"MMBZ5238BLT1G","Active","H Pb   ","8.7, ","0.225, ","2.90 x 2.40 x 1.00, ","SOT-23 (TO-236) 2.90x1.30x1.00, 1.90P ","1 ","260 ","0.0157 ",
"SZMMBZ5234BLT3G","Active","H Pb A P ","6.2, ","0.225, ","2.90 x 2.40 x 1.00, ","SOT-23 (TO-236) 2.90x1.30x1.00, 1.90P ","1 ","260 ","0.0201 ",
"MMBZ5247BLT1G","Active","H Pb   ","17, ","0.225, ","2.90 x 2.40 x 1.00, ","SOT-23 (TO-236) 2.90x1.30x1.00, 1.90P ","1 ","260 ","0.0157 ",
"SZMMBZ5248BLT3G","Active","H Pb A P ","18, ","0.225, ","2.90 x 2.40 x 1.00, ","SOT-23 (TO-236) 2.90x1.30x1.00, 1.90P ","1 ","260 ","0.0201 ",
"MMBZ5250BLT1G","Active","H Pb   ","20, ","0.225, ","2.90 x 2.40 x 1.00, ","SOT-23 (TO-236) 2.90x1.30x1.00, 1.90P ","1 ","260 ","0.0157 ",
"SZMMBZ5248BLT1G","Active","H Pb A P ","18, ","0.225, ","2.90 x 2.40 x 1.00, ","SOT-23 (TO-236) 2.90x1.30x1.00, 1.90P ","1 ","260 ","0.0201 ",
"SZMMBZ5234BLT1G","Active","H Pb A P ","6.2, ","0.225, ","2.90 x 2.40 x 1.00, ","SOT-23 (TO-236) 2.90x1.30x1.00, 1.90P ","1 ","260 ","0.0201 ",
"SZMMBZ5244BLT1G","Active","H Pb A P ","14, ","0.225, ","2.90 x 2.40 x 1.00, ","SOT-23 (TO-236) 2.90x1.30x1.00, 1.90P ","1 ","260 ","0.0201 ",
"MMBZ5257BLT1G","Active","H Pb   ","33, ","0.225, ","2.90 x 2.40 x 1.00, ","SOT-23 (TO-236) 2.90x1.30x1.00, 1.90P ","1 ","260 ","0.0157 ",
"MMBZ5254BLT1G","Active","H Pb   ","27, ","0.225, ","2.90 x 2.40 x 1.00, ","SOT-23 (TO-236) 2.90x1.30x1.00, 1.90P ","1 ","260 ","0.0157 ",
"SZMMBZ5221BLT1G","Active","H Pb A P ","2.4, ","0.225, ","2.90 x 2.40 x 1.00, ","SOT-23 (TO-236) 2.90x1.30x1.00, 1.90P ","1 ","260 ","0.0201 ",
"SZMMBZ5235BLT3G","Active","H Pb A P ","6.8, ","0.225, ","2.90 x 2.40 x 1.00, ","SOT-23 (TO-236) 2.90x1.30x1.00, 1.90P ","1 ","260 ","0.0201 ",
"MMBZ5248BLT1G","Active","H Pb   ","18, ","0.225, ","2.90 x 2.40 x 1.00, ","SOT-23 (TO-236) 2.90x1.30x1.00, 1.90P ","1 ","260 ","0.0157 ",
"SZMMBZ5235BLT1G","Active","H Pb A P ","6.8, ","0.225, ","2.90 x 2.40 x 1.00, ","SOT-23 (TO-236) 2.90x1.30x1.00, 1.90P ","1 ","260 ","0.0201 ",
"MMBZ5232BLT1G","Active","H Pb   ","5.6, ","0.225, ","2.90 x 2.40 x 1.00, ","SOT-23 (TO-236) 2.90x1.30x1.00, 1.90P ","1 ","260 ","0.0157 ",
"SZMMBZ5268BLT1G","Active","H Pb A P ","82, ","0.225, ","2.90 x 2.40 x 1.00, ","SOT-23 (TO-236) 2.90x1.30x1.00, 1.90P ","1 ","260 ","0.0201 ",
"SZMMBZ5252BLT1G","Active","H Pb A P ","24, ","0.225, ","2.90 x 2.40 x 1.00, ","SOT-23 (TO-236) 2.90x1.30x1.00, 1.90P ","1 ","260 ","0.0201 ",
"SZMMBZ5225BLT1G","Active","H Pb A P ","3, ","0.225, ","2.90 x 2.40 x 1.00, ","SOT-23 (TO-236) 2.90x1.30x1.00, 1.90P ","1 ","260 ","0.0201 ",
"MMBZ5225BLT1G","Active","H Pb   ","3, ","0.225, ","2.90 x 2.40 x 1.00, ","SOT-23 (TO-236) 2.90x1.30x1.00, 1.90P ","1 ","260 ","0.0157 ",
"MMBZ5258BLT1G","Active","H Pb   ","36, ","0.225, ","2.90 x 2.40 x 1.00, ","SOT-23 (TO-236) 2.90x1.30x1.00, 1.90P ","1 ","260 ","0.0157 ",
"MMBZ5248BLT3G","Active","H Pb   ","18, ","0.225, ","2.90 x 2.40 x 1.00, ","SOT-23 (TO-236) 2.90x1.30x1.00, 1.90P ","1 ","260 ","0.0157 ",
"SZMMBZ5227BLT1G","Active","H Pb A P ","3.6, ","0.225, ","2.90 x 2.40 x 1.00, ","SOT-23 (TO-236) 2.90x1.30x1.00, 1.90P ","1 ","260 ","0.0201 ",
"SZMMBZ5245BLT3G","Active","H Pb A P ","15, ","0.225, ","2.90 x 2.40 x 1.00, ","SOT-23 (TO-236) 2.90x1.30x1.00, 1.90P ","1 ","260 ","0.0201 ",
"SZMMBZ5262BLT1G","Active","H Pb A P ","51, ","0.225, ","2.90 x 2.40 x 1.00, ","SOT-23 (TO-236) 2.90x1.30x1.00, 1.90P ","1 ","260 ","0.0201 ",
"MMBZ5222BLT1G","Active","H Pb   ","2.5, ","0.225, ","2.90 x 2.40 x 1.00, ","SOT-23 (TO-236) 2.90x1.30x1.00, 1.90P ","1 ","260 ","0.0157 ",
"MMBZ5255BLT1G","Active","H Pb   ","28, ","0.225, ","2.90 x 2.40 x 1.00, ","SOT-23 (TO-236) 2.90x1.30x1.00, 1.90P ","1 ","260 ","0.0157 ",
"SZMMBZ5242BLT1G","Active","H Pb A P ","12, ","0.225, ","2.90 x 2.40 x 1.00, ","SOT-23 (TO-236) 2.90x1.30x1.00, 1.90P ","1 ","260 ","0.0201 ",
"MMBZ5242BLT1G","Active","H Pb   ","12, ","0.225, ","2.90 x 2.40 x 1.00, ","SOT-23 (TO-236) 2.90x1.30x1.00, 1.90P ","1 ","260 ","0.0157 ",
"MMBZ5252BLT1G","Active","H Pb   ","24, ","0.225, ","2.90 x 2.40 x 1.00, ","SOT-23 (TO-236) 2.90x1.30x1.00, 1.90P ","1 ","260 ","0.0157 ",
"MMBZ5242BLT3G","Active","H Pb   ","12, ","0.225, ","2.90 x 2.40 x 1.00, ","SOT-23 (TO-236) 2.90x1.30x1.00, 1.90P ","1 ","260 ","0.0157 ",
"SZMMBZ5231BLT1G","Active","H Pb A P ","5.1, ","0.225, ","2.90 x 2.40 x 1.00, ","SOT-23 (TO-236) 2.90x1.30x1.00, 1.90P ","1 ","260 ","0.0201 ",
"MMBZ5244BLT1G","Active","H Pb   ","14, ","0.225, ","2.90 x 2.40 x 1.00, ","SOT-23 (TO-236) 2.90x1.30x1.00, 1.90P ","1 ","260 ","0.0157 ",
"SZMMBZ5231BLT3G","Active","H Pb A P ","5.1, ","0.225, ","2.90 x 2.40 x 1.00, ","SOT-23 (TO-236) 2.90x1.30x1.00, 1.90P ","1 ","260 ","0.0201 ",
"SZMMBZ5247BLT1G","Active","H Pb A P ","17, ","0.225, ","2.90 x 2.40 x 1.00, ","SOT-23 (TO-236) 2.90x1.30x1.00, 1.90P ","1 ","260 ","0.0201 ",
"SZMMBZ5238BLT1G","Active","H Pb A P ","8.7, ","0.225, ","2.90 x 2.40 x 1.00, ","SOT-23 (TO-236) 2.90x1.30x1.00, 1.90P ","1 ","260 ","0.0201 ",
"SZMMBZ5263BLT1G","Active","H Pb A P ","56, ","0.225, ","2.90 x 2.40 x 1.00, ","SOT-23 (TO-236) 2.90x1.30x1.00, 1.90P ","1 ","260 ","0.0201 ",
"SZMMBZ5229BLT1G","Active","H Pb A P ","4.3, ","0.225, ","2.90 x 2.40 x 1.00, ","SOT-23 (TO-236) 2.90x1.30x1.00, 1.90P ","1 ","260 ","0.0201 ",
"MMBZ5228BLT1G","Active","H Pb   ","3.9, ","0.225, ","2.90 x 2.40 x 1.00, ","SOT-23 (TO-236) 2.90x1.30x1.00, 1.90P ","1 ","260 ","0.0157 ",
"MMBZ5235BLT1G","Active","H Pb   ","6.8, ","0.225, ","2.90 x 2.40 x 1.00, ","SOT-23 (TO-236) 2.90x1.30x1.00, 1.90P ","1 ","260 ","0.0157 ",
"SZMMBZ5222BLT1G","Active","H Pb A P ","2.5, ","0.225, ","2.90 x 2.40 x 1.00, ","SOT-23 (TO-236) 2.90x1.30x1.00, 1.90P ","1 ","260 ","0.0201 ",
"SZMMBZ5240BLT1G","Active","H Pb A P ","10, ","0.225, ","2.90 x 2.40 x 1.00, ","SOT-23 (TO-236) 2.90x1.30x1.00, 1.90P ","1 ","260 ","0.0201 ",
"MMBZ5253BLT1G","Active","H Pb   ","25, ","0.225, ","2.90 x 2.40 x 1.00, ","SOT-23 (TO-236) 2.90x1.30x1.00, 1.90P ","1 ","260 ","0.0157 ",
"SZMMBZ5245BLT1G","Active","H Pb A P ","15, ","0.225, ","2.90 x 2.40 x 1.00, ","SOT-23 (TO-236) 2.90x1.30x1.00, 1.90P ","1 ","260 ","0.0201 ",
"MMBZ5251BLT1G","Active","H Pb   ","22, ","0.225, ","2.90 x 2.40 x 1.00, ","SOT-23 (TO-236) 2.90x1.30x1.00, 1.90P ","1 ","260 ","0.0157 ",
"SZMMBZ5270BLT1G","Active","H Pb A P ","91, ","0.225, ","2.90 x 2.40 x 1.00, ","SOT-23 (TO-236) 2.90x1.30x1.00, 1.90P ","1 ","260 ","0.0201 ",
"MMBZ5237BLT1G","Active","H Pb   ","8.2, ","0.225, ","2.90 x 2.40 x 1.00, ","SOT-23 (TO-236) 2.90x1.30x1.00, 1.90P ","1 ","260 ","0.0157 ",
"MMBZ5221BLT1G","Active","H Pb   ","2.4, ","0.225, ","2.90 x 2.40 x 1.00, ","SOT-23 (TO-236) 2.90x1.30x1.00, 1.90P ","1 ","260 ","0.0157 ",
"MMBZ5230BLT1G","Active","H Pb   ","4.7, ","0.225, ","2.90 x 2.40 x 1.00, ","SOT-23 (TO-236) 2.90x1.30x1.00, 1.90P ","1 ","260 ","0.0157 ",
"SZMMBZ5261BLT1G","Active","H Pb A P ","47, ","0.225, ","2.90 x 2.40 x 1.00, ","SOT-23 (TO-236) 2.90x1.30x1.00, 1.90P ","1 ","260 ","0.0201 ",
"MMBZ5260BLT1G","Active","H Pb   ","43, ","0.225, ","2.90 x 2.40 x 1.00, ","SOT-23 (TO-236) 2.90x1.30x1.00, 1.90P ","1 ","260 ","0.0157 ",
"SZMMBZ5254BLT1G","Active","H Pb A P ","27, ","0.225, ","2.90 x 2.40 x 1.00, ","SOT-23 (TO-236) 2.90x1.30x1.00, 1.90P ","1 ","260 ","0.0201 ",
"SZMMBZ5259BLT1G","Active","H Pb A P ","39, ","0.225, ","2.90 x 2.40 x 1.00, ","SOT-23 (TO-236) 2.90x1.30x1.00, 1.90P ","1 ","260 ","0.0201 ",
"SZMMBZ5260BLT1G","Active","H Pb A P ","43, ","0.225, ","2.90 x 2.40 x 1.00, ","SOT-23 (TO-236) 2.90x1.30x1.00, 1.90P ","1 ","260 ","0.0201 ",
"MMBZ5241BLT1G","Active","H Pb   ","11, ","0.225, ","2.90 x 2.40 x 1.00, ","SOT-23 (TO-236) 2.90x1.30x1.00, 1.90P ","1 ","260 ","0.0157 ",
"MMBZ5256BLT1G","Active","H Pb   ","30, ","0.225, ","2.90 x 2.40 x 1.00, ","SOT-23 (TO-236) 2.90x1.30x1.00, 1.90P ","1 ","260 ","0.0157 ",
"SZMMBZ5243BLT1G","Active","H Pb A P ","13, ","0.225, ","2.90 x 2.40 x 1.00, ","SOT-23 (TO-236) 2.90x1.30x1.00, 1.90P ","1 ","260 ","0.0201 ",
"MMBZ5240BLT1G","Active","H Pb   ","10, ","0.225, ","2.90 x 2.40 x 1.00, ","SOT-23 (TO-236) 2.90x1.30x1.00, 1.90P ","1 ","260 ","0.0157 ",
"MMBZ5233BLT1G","Active","H Pb   ","6, ","0.225, ","2.90 x 2.40 x 1.00, ","SOT-23 (TO-236) 2.90x1.30x1.00, 1.90P ","1 ","260 ","0.0157 ",
"MMBZ5231BLT1G","Active","H Pb   ","5.1, ","0.225, ","2.90 x 2.40 x 1.00, ","SOT-23 (TO-236) 2.90x1.30x1.00, 1.90P ","1 ","260 ","0.0157 ",
"MMBZ5231BLT3G","Active","H Pb   ","5.1, ","0.225, ","2.90 x 2.40 x 1.00, ","SOT-23 (TO-236) 2.90x1.30x1.00, 1.90P ","1 ","260 ","0.0157 ",
"MMBZ5223BLT1G","Active","H Pb   ","2.7, ","0.225, ","2.90 x 2.40 x 1.00, ","SOT-23 (TO-236) 2.90x1.30x1.00, 1.90P ","1 ","260 ","0.0157 ",
"MMBZ5229BLT1G","Active","H Pb   ","4.3, ","0.225, ","2.90 x 2.40 x 1.00, ","SOT-23 (TO-236) 2.90x1.30x1.00, 1.90P ","1 ","260 ","0.0157 ",
"MMBZ5226BLT1G","Active","H Pb   ","3.3, ","0.225, ","2.90 x 2.40 x 1.00, ","SOT-23 (TO-236) 2.90x1.30x1.00, 1.90P ","1 ","260 ","0.0157 ",
"SZMMBZ5253BLT1G","Active","H Pb A P ","25, ","0.225, ","2.90 x 2.40 x 1.00, ","SOT-23 (TO-236) 2.90x1.30x1.00, 1.90P ","1 ","260 ","0.0201 ",
"SZMMBZ5233BLT1G","Active","H Pb A P ","6, ","0.225, ","2.90 x 2.40 x 1.00, ","SOT-23 (TO-236) 2.90x1.30x1.00, 1.90P ","1 ","260 ","0.0201 ",
"SZMMBZ5249BLT1G","Active","H Pb A P ","19, ","0.225, ","2.90 x 2.40 x 1.00, ","SOT-23 (TO-236) 2.90x1.30x1.00, 1.90P ","1 ","260 ","0.0201 ",
"MMBZ5246BLT1G","Active","H Pb   ","16, ","0.225, ","2.90 x 2.40 x 1.00, ","SOT-23 (TO-236) 2.90x1.30x1.00, 1.90P ","1 ","260 ","0.0157 ",
"SZMMBZ5246BLT1G","Active","H Pb A P ","16, ","0.225, ","2.90 x 2.40 x 1.00, ","SOT-23 (TO-236) 2.90x1.30x1.00, 1.90P ","1 ","260 ","0.0201 ",
"MMBZ5239BLT1G","Active","H Pb   ","9.1, ","0.225, ","2.90 x 2.40 x 1.00, ","SOT-23 (TO-236) 2.90x1.30x1.00, 1.90P ","1 ","260 ","0.0157 ",
"SZMMBZ5256BLT1G","Active","H Pb A P ","30, ","0.225, ","2.90 x 2.40 x 1.00, ","SOT-23 (TO-236) 2.90x1.30x1.00, 1.90P ","1 ","260 ","0.0201 ",
"SZMMBZ5226BLT1G","Active","H Pb A P ","3.3, ","0.225, ","2.90 x 2.40 x 1.00, ","SOT-23 (TO-236) 2.90x1.30x1.00, 1.90P ","1 ","260 ","0.0201 ",
"MMBZ5259BLT1G","Active","H Pb   ","39, ","0.225, ","2.90 x 2.40 x 1.00, ","SOT-23 (TO-236) 2.90x1.30x1.00, 1.90P ","1 ","260 ","0.0157 ",
"SZMMBZ5236BLT1G","Active","H Pb A P ","7.5, ","0.225, ","2.90 x 2.40 x 1.00, ","SOT-23 (TO-236) 2.90x1.30x1.00, 1.90P ","1 ","260 ","0.0201 ",
"MMBZ5249BLT1G","Active","H Pb   ","19, ","0.225, ","2.90 x 2.40 x 1.00, ","SOT-23 (TO-236) 2.90x1.30x1.00, 1.90P ","1 ","260 ","0.0157 ",
"SZMMBZ5245ELT1G","Active","H Pb A P ","15, ","0.225, ","2.90 x 2.40 x 1.00, ","SOT-23 (TO-236) 2.90x1.30x1.00, 1.90P ","1 ","260 ","0.0801 ",
"MMBZ5242ELT1G","Active","H Pb   ","12, ","0.225, ","2.90 x 2.40 x 1.00, ","SOT-23 (TO-236) 2.90x1.30x1.00, 1.90P ","1 ","260 ","0.0345 ",
"SZMMBZ5252ELT1G","Active","H Pb A P ","24, ","0.225, ","2.90 x 2.40 x 1.00, ","SOT-23 (TO-236) 2.90x1.30x1.00, 1.90P ","1 ","260 ","0.0461 ",
"SZMMBZ5257BLT1G","Active","H Pb A P ","33, ","0.225, ","2.90 x 2.40 x 1.00, ","SOT-23 (TO-236) 2.90x1.30x1.00, 1.90P ","1 ","260 ","0.0248 ",
"SZMMBZ5261ELT1G","Active","H Pb A P ","47, ","0.225, ","2.90 x 2.40 x 1.00, ","SOT-23 (TO-236) 2.90x1.30x1.00, 1.90P ","1 ","260 ","0.0819 ",
"MMBZ5231ELT1G","Active","H Pb   ","5.1, ","0.225, ","2.90 x 2.40 x 1.00, ","SOT-23 (TO-236) 2.90x1.30x1.00, 1.90P ","1 ","260 ","0.0411 ",
"MMBZ5239ELT1G","Active","H Pb   ","9.1, ","0.225, ","2.90 x 2.40 x 1.00, ","SOT-23 (TO-236) 2.90x1.30x1.00, 1.90P ","1 ","260 ","0.0205 ",
"SZMMBZ5240ELT1G","Active","H Pb A P ","10, ","0.225, ","2.90 x 2.40 x 1.00, ","SOT-23 (TO-236) 2.90x1.30x1.00, 1.90P ","1 ","260 ","0.0728 ",
"SZMMBZ5256ELT1G","Active","H Pb A P ","30, ","0.225, ","2.90 x 2.40 x 1.00, ","SOT-23 (TO-236) 2.90x1.30x1.00, 1.90P ","1 ","260 ","0.086 ",
"MMBZ5248ELT1G","Active","H Pb   ","18, ","0.225, ","2.90 x 2.40 x 1.00, ","SOT-23 (TO-236) 2.90x1.30x1.00, 1.90P ","1 ","260 ","0.0348 ",
"SZMMBZ5239ELT1G","Active","H Pb A P ","9.1, ","0.225, ","2.90 x 2.40 x 1.00, ","SOT-23 (TO-236) 2.90x1.30x1.00, 1.90P ","1 ","260 ","0.0355 ",
"MMBZ5245ELT1G","Active","H Pb   ","15, ","0.225, ","2.90 x 2.40 x 1.00, ","SOT-23 (TO-236) 2.90x1.30x1.00, 1.90P ","1 ","260 ","0.0352 ",
"SZMMBZ5258BLT1G","Active","H Pb A P ","36, ","0.225, ","2.90 x 2.40 x 1.00, ","SOT-23 (TO-236) 2.90x1.30x1.00, 1.90P ","1 ","260 ","0.0355 ",
"SZMMBZ5248ELT1G","Active","H Pb A P ","18, ","0.225, ","2.90 x 2.40 x 1.00, ","SOT-23 (TO-236) 2.90x1.30x1.00, 1.90P ","1 ","260 ","0.0763 ",
"MMBZ5261ELT1G","Active","H Pb   ","47, ","0.225, ","2.90 x 2.40 x 1.00, ","SOT-23 (TO-236) 2.90x1.30x1.00, 1.90P ","1 ","260 ","0.0205 ",
"SZMMBZ5242ELT1G","Active","H Pb A P ","12, ","0.225, ","2.90 x 2.40 x 1.00, ","SOT-23 (TO-236) 2.90x1.30x1.00, 1.90P ","1 ","260 ","0.0763 ",
"SZMMBZ5257ELT1G","Active","H Pb A P ","33, ","0.225, ","2.90 x 2.40 x 1.00, ","SOT-23 (TO-236) 2.90x1.30x1.00, 1.90P ","1 ","260 ","0.0355 ",
"SZMMBZH12VAWT1G","Active","H Pb A P ","12, ","0.2, ","2.00 x 2.10 x 0.90, ","SC-70-3 / SOT-323-3 ","1 ","260 ","0.0376 ",
"SZMMBZH15VAWT1G","Active","H Pb A P ","15, ","0.2, ","2.00 x 2.10 x 0.90, ","SC-70-3 / SOT-323-3 ","1 ","260 ","0.0356 ",
"SZMMBZH18VALT1G","Active","H Pb A P ","18, ","0.225, ","2.90 x 2.40 x 1.00, ","SOT-23 (TO-236) 2.90x1.30x1.00, 1.90P ","1 ","260 ","0.0344 ",
"MMSZ3V6T1G","Active","H Pb   ","3.6, ","0.5, ","3.68 x 1.60 x 1.17, ","SOD-123 ","1 ","260 ","0.0233 ",
"MMSZ20T1G","Active","H Pb   ","20, ","0.5, ","3.68 x 1.60 x 1.17, ","SOD-123 ","1 ","260 ","0.0233 ",
"SZMMSZ27T1G","Active","H Pb A P ","27, ","0.5, ","3.68 x 1.60 x 1.17, ","SOD-123 ","1 ","260 ","0.0532 ",
"SZMMSZ15T1G","Active","H Pb A P ","15, ","0.5, ","3.68 x 1.60 x 1.17, ","SOD-123 ","1 ","260 ","0.0532 ",
"MMSZ8V2T1G","Active","H Pb   ","8.2, ","0.5, ","3.68 x 1.60 x 1.17, ","SOD-123 ","1 ","260 ","0.0156 ",
"MMSZ56T1G","Active","H Pb   ","56, ","0.5, ","3.68 x 1.60 x 1.17, ","SOD-123 ","1 ","260 ","0.0156 ",
"SZMMSZ39T1G","Active","H Pb A P ","39, ","0.5, ","3.68 x 1.60 x 1.17, ","SOD-123 ","1 ","260 ","0.0485 ",
"MMSZ56T3G","Active","H Pb   ","56, ","0.5, ","3.68 x 1.60 x 1.17, ","SOD-123 ","1 ","260 ","0.0261 ",
"SZMMSZ27T3G","Active","H Pb A P ","27, ","0.5, ","3.68 x 1.60 x 1.17, ","SOD-123 ","1 ","260 ","0.0532 ",
"SZMMSZ3V3T1G","Active","H Pb A P ","3.3, ","0.5, ","3.68 x 1.60 x 1.17, ","SOD-123 ","1 ","260 ","0.0431 ",
"SZMMSZ8V2T1G","Active","H Pb A P ","8.2, ","0.5, ","3.68 x 1.60 x 1.17, ","SOD-123 ","1 ","260 ","0.0308 ",
"MMSZ47T1G","Active","H Pb   ","47, ","0.5, ","3.68 x 1.60 x 1.17, ","SOD-123 ","1 ","260 ","0.0161 ",
"SZMMSZ43T1G","Active","H Pb A P ","43, ","0.5, ","3.68 x 1.60 x 1.17, ","SOD-123 ","1 ","260 ","0.0353 ",
"MMSZ47T3G","Active","H Pb   ","47, ","0.5, ","3.68 x 1.60 x 1.17, ","SOD-123 ","1 ","260 ","0.0161 ",
"MMSZ2V7T1G","Active","H Pb   ","2.7, ","0.5, ","3.68 x 1.60 x 1.17, ","SOD-123 ","1 ","260 ","0.0188 ",
"SZMMSZ6V2T1G","Active","H Pb A P ","6.2, ","0.5, ","3.68 x 1.60 x 1.17, ","SOD-123 ","1 ","260 ","0.0431 ",
"MMSZ27T1G","Active","H Pb   ","27, ","0.5, ","3.68 x 1.60 x 1.17, ","SOD-123 ","1 ","260 ","0.0156 ",
"MMSZ15T1G","Active","H Pb   ","15, ","0.5, ","3.68 x 1.60 x 1.17, ","SOD-123 ","1 ","260 ","0.0156 ",
"SZMMSZ2V4T1G","Active","H Pb A P ","2.4, ","0.5, ","3.68 x 1.60 x 1.17, ","SOD-123 ","1 ","260 ","0.0399 ",
"SZMMSZ11T1G","Active","H Pb A P ","11, ","0.5, ","3.68 x 1.60 x 1.17, ","SOD-123 ","1 ","260 ","0.0585 ",
"SZMMSZ5V6T1G","Active","H Pb A P ","5.6, ","0.5, ","3.68 x 1.60 x 1.17, ","SOD-123 ","1 ","260 ","0.0515 ",
"MMSZ39T1G","Active","H Pb   ","39, ","0.5, ","3.68 x 1.60 x 1.17, ","SOD-123 ","1 ","260 ","0.0156 ",
"MMSZ27T3G","Active","H Pb   ","27, ","0.5, ","3.68 x 1.60 x 1.17, ","SOD-123 ","1 ","260 ","0.0156 ",
"SZMMSZ3V9T1G","Active","H Pb A P ","3.9, ","0.5, ","3.68 x 1.60 x 1.17, ","SOD-123 ","1 ","260 ","0.0615 ",
"SZMMSZ36T1G","Active","H Pb A P ","36, ","0.5, ","3.68 x 1.60 x 1.17, ","SOD-123 ","1 ","260 ","0.0485 ",
"SZMMSZ16T1G","Active","H Pb A P ","16, ","0.5, ","3.68 x 1.60 x 1.17, ","SOD-123 ","1 ","260 ","0.0583 ",
"MMSZ4V7T1G","Active","H Pb   ","4.7, ","0.5, ","3.68 x 1.60 x 1.17, ","SOD-123 ","1 ","260 ","0.0156 ",
"MMSZ33T1G","Active","H Pb   ","33, ","0.5, ","3.68 x 1.60 x 1.17, ","SOD-123 ","1 ","260 ","0.0156 ",
"MMSZ24T1G","Active","H Pb   ","24, ","0.5, ","3.68 x 1.60 x 1.17, ","SOD-123 ","1 ","260 ","0.0156 ",
"SZMMSZ20T1G","Active","H Pb A P ","20, ","0.5, ","3.68 x 1.60 x 1.17, ","SOD-123 ","1 ","260 ","0.0532 ",
"SZMMSZ4V7T1G","Active","H Pb A P ","4.7, ","0.5, ","3.68 x 1.60 x 1.17, ","SOD-123 ","1 ","260 ","0.0532 ",
"MMSZ12T1G","Active","H Pb   ","12, ","0.5, ","3.68 x 1.60 x 1.17, ","SOD-123 ","1 ","260 ","0.0156 ",
"MMSZ36T1G","Active","H Pb   ","36, ","0.5, ","3.68 x 1.60 x 1.17, ","SOD-123 ","1 ","260 ","0.0156 ",
"MMSZ3V9T1G","Active","H Pb   ","3.9, ","0.5, ","3.68 x 1.60 x 1.17, ","SOD-123 ","1 ","260 ","0.0156 ",
"MMSZ6V2T1G","Active","H Pb   ","6.2, ","0.5, ","3.68 x 1.60 x 1.17, ","SOD-123 ","1 ","260 ","0.0156 ",
"SZMMSZ3V6T1G","Active","H Pb A P ","3.6, ","0.5, ","3.68 x 1.60 x 1.17, ","SOD-123 ","1 ","260 ","0.0391 ",
"SZMMSZ24T1G","Active","H Pb A P ","24, ","0.5, ","3.68 x 1.60 x 1.17, ","SOD-123 ","1 ","260 ","0.0485 ",
"SZMMSZ12T3G","Active","H Pb A P ","12, ","0.5, ","3.68 x 1.60 x 1.17, ","SOD-123 ","1 ","260 ","0.0325 ",
"SZMMSZ56T1G","Active","H Pb A P ","56, ","0.5, ","3.68 x 1.60 x 1.17, ","SOD-123 ","1 ","260 ","0.0308 ",
"MMSZ2V4T1G","Active","H Pb   ","2.4, ","0.5, ","3.68 x 1.60 x 1.17, ","SOD-123 ","1 ","260 ","0.0156 ",
"MMSZ16T1G","Active","H Pb   ","16, ","0.5, ","3.68 x 1.60 x 1.17, ","SOD-123 ","1 ","260 ","0.0156 ",
"MMSZ4V3T1G","Active","H Pb   ","4.3, ","0.5, ","3.68 x 1.60 x 1.17, ","SOD-123 ","1 ","260 ","0.0156 ",
"SZMMSZ12T1G","Active","H Pb A P ","12, ","0.5, ","3.68 x 1.60 x 1.17, ","SOD-123 ","1 ","260 ","0.0532 ",
"MMSZ30T1G","Active","H Pb   ","30, ","0.5, ","3.68 x 1.60 x 1.17, ","SOD-123 ","1 ","260 ","0.0156 ",
"MMSZ5V1T1G","Active","H Pb   ","5.1, ","0.5, ","3.68 x 1.60 x 1.17, ","SOD-123 ","1 ","260 ","0.0156 ",
"SZMMSZ4V3T1G","Active","H Pb A P ","4.3, ","0.5, ","3.68 x 1.60 x 1.17, ","SOD-123 ","1 ","260 ","0.0391 ",
"MMSZ10T1G","Active","H Pb   ","10, ","0.5, ","3.68 x 1.60 x 1.17, ","SOD-123 ","1 ","260 ","0.0156 ",
"SZMMSZ5V1T1G","Active","H Pb A P ","5.1, ","0.5, ","3.68 x 1.60 x 1.17, ","SOD-123 ","1 ","260 ","0.0532 ",
"SZMMSZ30T1G","Active","H Pb A P ","30, ","0.5, ","3.68 x 1.60 x 1.17, ","SOD-123 ","1 ","260 ","0.0485 ",
"MMSZ22T1G","Active","H Pb   ","22, ","0.5, ","3.68 x 1.60 x 1.17, ","SOD-123 ","1 ","260 ","0.0156 ",
"MMSZ10T3G","Active","H Pb   ","10, ","0.5, ","3.68 x 1.60 x 1.17, ","SOD-123 ","1 ","260 ","0.0261 ",
"SZMMSZ7V5T1G","Active","H Pb A P ","7.5, ","0.5, ","3.68 x 1.60 x 1.17, ","SOD-123 ","1 ","260 ","0.0308 ",
"SZMMSZ33T1G","Active","H Pb A P ","33, ","0.5, ","3.68 x 1.60 x 1.17, ","SOD-123 ","1 ","260 ","0.0485 ",
"MMSZ13T1G","Active","H Pb   ","13, ","0.5, ","3.68 x 1.60 x 1.17, ","SOD-123 ","1 ","260 ","0.0156 ",
"SZMMSZ13T1G","Active","H Pb A P ","13, ","0.5, ","3.68 x 1.60 x 1.17, ","SOD-123 ","1 ","260 ","0.0485 ",
"SZMMSZ2V7T1G","Active","H Pb A P ","2.7, ","0.5, ","3.68 x 1.60 x 1.17, ","SOD-123 ","1 ","260 ","0.0571 ",
"MMSZ18T1G","Active","H Pb   ","18, ","0.5, ","3.68 x 1.60 x 1.17, ","SOD-123 ","1 ","260 ","0.0172 ",
"SZMMSZ6V8T1G","Active","H Pb A P ","6.8, ","0.5, ","3.68 x 1.60 x 1.17, ","SOD-123 ","1 ","260 ","0.0571 ",
"MMSZ9V1T1G","Active","H Pb   ","9.1, ","0.5, ","3.68 x 1.60 x 1.17, ","SOD-123 ","1 ","260 ","0.0233 ",
"SZMMSZ3V0T1G","Active","H Pb A P ","3, ","0.5, ","3.68 x 1.60 x 1.17, ","SOD-123 ","1 ","260 ","0.044 ",
"MMSZ3V3T1G","Active","H Pb   ","3.3, ","0.5, ","3.68 x 1.60 x 1.17, ","SOD-123 ","1 ","260 ","0.0156 ",
"MMSZ6V8T1G","Active","H Pb   ","6.8, ","0.5, ","3.68 x 1.60 x 1.17, ","SOD-123 ","1 ","260 ","0.0156 ",
"MMSZ43T1G","Active","H Pb   ","43, ","0.5, ","3.68 x 1.60 x 1.17, ","SOD-123 ","1 ","260 ","0.0156 ",
"MMSZ11T1G","Active","H Pb   ","11, ","0.5, ","3.68 x 1.60 x 1.17, ","SOD-123 ","1 ","260 ","0.0156 ",
"SZMMSZ18T1G","Active","H Pb A P ","18, ","0.5, ","3.68 x 1.60 x 1.17, ","SOD-123 ","1 ","260 ","0.0532 ",
"MMSZ5V6T3G","Active","H Pb   ","5.6, ","0.5, ","3.68 x 1.60 x 1.17, ","SOD-123 ","1 ","260 ","0.0197 ",
"SZMMSZ9V1T1G","Active","H Pb A P ","9.1, ","0.5, ","3.68 x 1.60 x 1.17, ","SOD-123 ","1 ","260 ","0.0257 ",
"MMSZ3V0T1G","Active","H Pb   ","3, ","0.5, ","3.68 x 1.60 x 1.17, ","SOD-123 ","1 ","260 ","0.0233 ",
"MMSZ5V6T1G","Active","H Pb   ","5.6, ","0.5, ","3.68 x 1.60 x 1.17, ","SOD-123 ","1 ","260 ","0.0156 ",
"SZMMSZ10T1G","Active","H Pb A P ","10, ","0.5, ","3.68 x 1.60 x 1.17, ","SOD-123 ","1 ","260 ","0.0532 ",
"MMSZ7V5T1G","Active","H Pb   ","7.5, ","0.5, ","3.68 x 1.60 x 1.17, ","SOD-123 ","1 ","260 ","0.0156 ",
"SZMMSZ22T1G","Active","H Pb A P ","22, ","0.5, ","3.68 x 1.60 x 1.17, ","SOD-123 ","1 ","260 ","0.0612 ",
"MMSZ51T1G","Active","H Pb   ","51, ","0.5, ","3.68 x 1.60 x 1.17, ","SOD-123 ","1 ","260 ","0.0233 ",
"SZMMSZ10T3G","Active","H Pb A P ","10, ","0.5, ","3.68 x 1.60 x 1.17, ","SOD-123 ","1 ","260 ","0.0532 ",
"SZMMSZ4696T1G","Active","H Pb A P ","9.1, ","0.5, ","3.68 x 1.60 x 1.17, ","SOD-123 ","1 ","260 ","0.0431 ",
"SZMMSZ4684T1G","Active","H Pb A P ","3.3, ","0.5, ","3.68 x 1.60 x 1.17, ","SOD-123 ","1 ","260 ","0.0431 ",
"MMSZ4690T3G","Active","H Pb   ","5.6, ","0.5, ","3.68 x 1.60 x 1.17, ","SOD-123 ","1 ","260 ","0.0156 ",
"SZMMSZ4705T1G","Active","H Pb A P ","18, ","0.5, ","3.68 x 1.60 x 1.17, ","SOD-123 ","1 ","260 ","0.0431 ",
"SZMMSZ4717T1G","Active","H Pb A P ","43, ","0.5, ","3.68 x 1.60 x 1.17, ","SOD-123 ","1 ","260 ","0.0391 ",
"MMSZ4694T1G","Active","H Pb   ","8.2, ","0.5, ","3.68 x 1.60 x 1.17, ","SOD-123 ","1 ","260 ","0.0156 ",
"SZMMSZ4709T1G","Active","H Pb A P ","24, ","0.5, ","3.68 x 1.60 x 1.17, ","SOD-123 ","1 ","260 ","0.0308 ",
"MMSZ4711T1G","Active","H Pb   ","27, ","0.5, ","3.68 x 1.60 x 1.17, ","SOD-123 ","1 ","260 ","0.0156 ",
"MMSZ4682T1G","Active","H Pb   ","2.7, ","0.5, ","3.68 x 1.60 x 1.17, ","SOD-123 ","1 ","260 ","0.0259 ",
"MMSZ4694T3G","Active","H Pb   ","8.2, ","0.5, ","3.68 x 1.60 x 1.17, ","SOD-123 ","1 ","260 ","0.0156 ",
"MMSZ4707T1G","Active","H Pb   ","20, ","0.5, ","3.68 x 1.60 x 1.17, ","SOD-123 ","1 ","260 ","0.02 ",
"SZMMSZ4701T1G","Active","H Pb A P ","14, ","0.5, ","3.68 x 1.60 x 1.17, ","SOD-123 ","1 ","260 ","0.0308 ",
"SZMMSZ4713T1G","Active","H Pb A P ","30, ","0.5, ","3.68 x 1.60 x 1.17, ","SOD-123 ","1 ","260 ","0.0431 ",
"MMSZ4698T1G","Active","H Pb   ","11, ","0.5, ","3.68 x 1.60 x 1.17, ","SOD-123 ","1 ","260 ","0.0156 ",
"MMSZ4686T1G","Active","H Pb   ","3.9, ","0.5, ","3.68 x 1.60 x 1.17, ","SOD-123 ","1 ","260 ","0.0172 ",
"MMSZ4703T1G","Active","H Pb   ","16, ","0.5, ","3.68 x 1.60 x 1.17, ","SOD-123 ","1 ","260 ","0.0233 ",
"SZMMSZ4688T3G","Active","H Pb A P ","4.7, ","0.5, ","3.68 x 1.60 x 1.17, ","SOD-123 ","1 ","260 ","0.0431 ",
"SZMMSZ4688T1G","Active","H Pb A P ","4.7, ","0.5, ","3.68 x 1.60 x 1.17, ","SOD-123 ","1 ","260 ","0.0431 ",
"MMSZ4715T1G","Active","H Pb   ","36, ","0.5, ","3.68 x 1.60 x 1.17, ","SOD-123 ","1 ","260 ","0.0156 ",
"MMSZ4691T1G","Active","H Pb   ","6.2, ","0.5, ","3.68 x 1.60 x 1.17, ","SOD-123 ","1 ","260 ","0.0159 ",
"SZMMSZ4685T1G","Active","H Pb A P ","3.6, ","0.5, ","3.68 x 1.60 x 1.17, ","SOD-123 ","1 ","260 ","0.0431 ",
"MMSZ4700T1G","Active","H Pb   ","13, ","0.5, ","3.68 x 1.60 x 1.17, ","SOD-123 ","1 ","260 ","0.0259 ",
"SZMMSZ4697T1G","Active","H Pb A P ","10, ","0.5, ","3.68 x 1.60 x 1.17, ","SOD-123 ","1 ","260 ","0.0431 ",
"SZMMSZ4693T1G","Active","H Pb A P ","7.5, ","0.5, ","3.68 x 1.60 x 1.17, ","SOD-123 ","1 ","260 ","0.0431 ",
"SZMMSZ4693T3G","Active","H Pb A P ","7.5, ","0.5, ","3.68 x 1.60 x 1.17, ","SOD-123 ","1 ","260 ","0.0353 ",
"SZMMSZ4681T1G","Active","H Pb A P ","2.4, ","0.5, ","3.68 x 1.60 x 1.17, ","SOD-123 ","1 ","260 ","0.0337 ",
"MMSZ4683T1G","Active","H Pb   ","3, ","0.5, ","3.68 x 1.60 x 1.17, ","SOD-123 ","1 ","260 ","0.0156 ",
"SZMMSZ4690T3G","Active","H Pb A P ","5.6, ","0.5, ","3.68 x 1.60 x 1.17, ","SOD-123 ","1 ","260 ","0.0431 ",
"MMSZ4708T1G","Active","H Pb   ","22, ","0.5, ","3.68 x 1.60 x 1.17, ","SOD-123 ","1 ","260 ","0.0259 ",
"SZMMSZ4690T1G","Active","H Pb A P ","5.6, ","0.5, ","3.68 x 1.60 x 1.17, ","SOD-123 ","1 ","260 ","0.0431 ",
"SZMMSZ4702T1G","Active","H Pb A P ","15, ","0.5, ","3.68 x 1.60 x 1.17, ","SOD-123 ","1 ","260 ","0.0431 ",
"SZMMSZ4689T3G","Active","H Pb A P ","5.1, ","0.5, ","3.68 x 1.60 x 1.17, ","SOD-123 ","1 ","260 ","0.0431 ",
"MMSZ4699T1G","Active","H Pb   ","12, ","0.5, ","3.68 x 1.60 x 1.17, ","SOD-123 ","1 ","260 ","0.0157 ",
"MMSZ4687T1G","Active","H Pb   ","4.3, ","0.5, ","3.68 x 1.60 x 1.17, ","SOD-123 ","1 ","260 ","0.0156 ",
"SZMMSZ4714T1G","Active","H Pb A P ","33, ","0.5, ","3.68 x 1.60 x 1.17, ","SOD-123 ","1 ","260 ","0.0308 ",
"SZMMSZ4689T1G","Active","H Pb A P ","5.1, ","0.5, ","3.68 x 1.60 x 1.17, ","SOD-123 ","1 ","260 ","0.0431 ",
"MMSZ4704T1G","Active","H Pb   ","17, ","0.5, ","3.68 x 1.60 x 1.17, ","SOD-123 ","1 ","260 ","0.0156 ",
"MMSZ4680T1G","Active","H Pb   ","2.2, ","0.5, ","3.68 x 1.60 x 1.17, ","SOD-123 ","1 ","260 ","0.0207 ",
"MMSZ4713T1G","Active","H Pb   ","30, ","0.5, ","3.68 x 1.60 x 1.17, ","SOD-123 ","1 ","260 ","0.0209 ",
"SZMMSZ4707T1G","Active","H Pb A P ","20, ","0.5, ","3.68 x 1.60 x 1.17, ","SOD-123 ","1 ","260 ","0.0371 ",
"MMSZ4679T1G","Active","H Pb   ","2, ","0.5, ","3.68 x 1.60 x 1.17, ","SOD-123 ","1 ","260 ","0.0156 ",
"SZMMSZ4686T1G","Active","H Pb A P ","3.9, ","0.5, ","3.68 x 1.60 x 1.17, ","SOD-123 ","1 ","260 ","0.0431 ",
"MMSZ4701T1G","Active","H Pb   ","14, ","0.5, ","3.68 x 1.60 x 1.17, ","SOD-123 ","1 ","260 ","0.0156 ",
"MMSZ4692T1G","Active","H Pb   ","6.8, ","0.5, ","3.68 x 1.60 x 1.17, ","SOD-123 ","1 ","260 ","0.0156 ",
"SZMMSZ4682T1G","Active","H Pb A P ","2.7, ","0.5, ","3.68 x 1.60 x 1.17, ","SOD-123 ","1 ","260 ","0.0337 ",
"MMSZ4684T1G","Active","H Pb   ","3.3, ","0.5, ","3.68 x 1.60 x 1.17, ","SOD-123 ","1 ","260 ","0.0156 ",
"SZMMSZ4694T1G","Active","H Pb A P ","8.2, ","0.5, ","3.68 x 1.60 x 1.17, ","SOD-123 ","1 ","260 ","0.0431 ",
"SZMMSZ4678T1G","Active","H Pb A P ","1.8, ","0.5, ","3.68 x 1.60 x 1.17, ","SOD-123 ","1 ","260 ","0.0431 ",
"MMSZ4696T1G","Active","H Pb   ","9.1, ","0.5, ","3.68 x 1.60 x 1.17, ","SOD-123 ","1 ","260 ","0.0156 ",
"SZMMSZ4711T1G","Active","H Pb A P ","27, ","0.5, ","3.68 x 1.60 x 1.17, ","SOD-123 ","1 ","260 ","0.0431 ",
"MMSZ4717T1G","Active","H Pb   ","43, ","0.5, ","3.68 x 1.60 x 1.17, ","SOD-123 ","1 ","260 ","0.0284 ",
"SZMMSZ4691T1G","Active","H Pb A P ","6.2, ","0.5, ","3.68 x 1.60 x 1.17, ","SOD-123 ","1 ","260 ","0.0431 ",
"SZMMSZ4715T1G","Active","H Pb A P ","36, ","0.5, ","3.68 x 1.60 x 1.17, ","SOD-123 ","1 ","260 ","0.0431 ",
"MMSZ4688T1G","Active","H Pb   ","4.7, ","0.5, ","3.68 x 1.60 x 1.17, ","SOD-123 ","1 ","260 ","0.0156 ",
"SZMMSZ4698T1G","Active","H Pb A P ","11, ","0.5, ","3.68 x 1.60 x 1.17, ","SOD-123 ","1 ","260 ","0.0308 ",
"MMSZ4705T1G","Active","H Pb   ","18, ","0.5, ","3.68 x 1.60 x 1.17, ","SOD-123 ","1 ","260 ","0.0156 ",
"MMSZ4688T3G","Active","H Pb   ","4.7, ","0.5, ","3.68 x 1.60 x 1.17, ","SOD-123 ","1 ","260 ","0.0156 ",
"SZMMSZ4703T1G","Active","H Pb A P ","16, ","0.5, ","3.68 x 1.60 x 1.17, ","SOD-123 ","1 ","260 ","0.0431 ",
"MMSZ4702T1G","Active","H Pb   ","15, ","0.5, ","3.68 x 1.60 x 1.17, ","SOD-123 ","1 ","260 ","0.0156 ",
"MMSZ4714T1G","Active","H Pb   ","33, ","0.5, ","3.68 x 1.60 x 1.17, ","SOD-123 ","1 ","260 ","0.0259 ",
"MMSZ4681T1G","Active","H Pb   ","2.4, ","0.5, ","3.68 x 1.60 x 1.17, ","SOD-123 ","1 ","260 ","0.0156 ",
"MMSZ4693T3G","Active","H Pb   ","7.5, ","0.5, ","3.68 x 1.60 x 1.17, ","SOD-123 ","1 ","260 ","0.0156 ",
"MMSZ4710T1G","Active","H Pb   ","25, ","0.5, ","3.68 x 1.60 x 1.17, ","SOD-123 ","1 ","260 ","0.0283 ",
"MMSZ4693T1G","Active","H Pb   ","7.5, ","0.5, ","3.68 x 1.60 x 1.17, ","SOD-123 ","1 ","260 ","0.0172 ",
"SZMMSZ4708T1G","Active","H Pb A P ","22, ","0.5, ","3.68 x 1.60 x 1.17, ","SOD-123 ","1 ","260 ","0.0391 ",
"MMSZ4709T1G","Active","H Pb   ","24, ","0.5, ","3.68 x 1.60 x 1.17, ","SOD-123 ","1 ","260 ","0.0156 ",
"SZMMSZ4683T1G","Active","H Pb A P ","3, ","0.5, ","3.68 x 1.60 x 1.17, ","SOD-123 ","1 ","260 ","0.0431 ",
"MMSZ4685T1G","Active","H Pb   ","3.6, ","0.5, ","3.68 x 1.60 x 1.17, ","SOD-123 ","1 ","260 ","0.0156 ",
"SZMMSZ4679T1G","Active","H Pb A P ","2, ","0.5, ","3.68 x 1.60 x 1.17, ","SOD-123 ","1 ","260 ","0.0337 ",
"SZMMSZ4680T1G","Active","H Pb A P ","2.2, ","0.5, ","3.68 x 1.60 x 1.17, ","SOD-123 ","1 ","260 ","0.0337 ",
"MMSZ4706T1G","Active","H Pb   ","19, ","0.5, ","3.68 x 1.60 x 1.17, ","SOD-123 ","1 ","260 ","0.0172 ",
"SZMMSZ4692T1G","Active","H Pb A P ","6.8, ","0.5, ","3.68 x 1.60 x 1.17, ","SOD-123 ","1 ","260 ","0.0492 ",
"SZMMSZ4700T1G","Active","H Pb A P ","13, ","0.5, ","3.68 x 1.60 x 1.17, ","SOD-123 ","1 ","260 ","0.0391 ",
"MMSZ4697T1G","Active","H Pb   ","10, ","0.5, ","3.68 x 1.60 x 1.17, ","SOD-123 ","1 ","260 ","0.0156 ",
"SZMMSZ4699T1G","Active","H Pb A P ","12, ","0.5, ","3.68 x 1.60 x 1.17, ","SOD-123 ","1 ","260 ","0.0431 ",
"SZMMSZ4704T1G","Active","H Pb A P ","17, ","0.5, ","3.68 x 1.60 x 1.17, ","SOD-123 ","1 ","260 ","0.0431 ",
"SZMMSZ4704T3G","Active","H Pb A P ","17, ","0.5, ","3.68 x 1.60 x 1.17, ","SOD-123 ","1 ","260 ","0.0293 ",
"SZMMSZ4687T1G","Active","H Pb A P ","4.3, ","0.5, ","3.68 x 1.60 x 1.17, ","SOD-123 ","1 ","260 ","0.0475 ",
"MMSZ4689T1G","Active","H Pb   ","5.1, ","0.5, ","3.68 x 1.60 x 1.17, ","SOD-123 ","1 ","260 ","0.0156 ",
"MMSZ4689T3G","Active","H Pb   ","5.1, ","0.5, ","3.68 x 1.60 x 1.17, ","SOD-123 ","1 ","260 ","0.0156 ",
"MMSZ4690T1G","Active","H Pb   ","5.6, ","0.5, ","3.68 x 1.60 x 1.17, ","SOD-123 ","1 ","260 ","0.0156 ",
"SZMMSZ4689ET1G","Active","H Pb A P ","5.1, ","0.5, ","3.68 x 1.60 x 1.17, ","SOD-123 ","1 ","260 ","0.0721 ",
"SZMMSZ4680ET1G","Active","H Pb A P ","2.2, ","0.5, ","3.68 x 1.60 x 1.17, ","SOD-123 ","1 ","260 ","0.0721 ",
"SZMMSZ4690ET3G","Active","H Pb A P ","5.6, ","0.5, ","3.68 x 1.60 x 1.17, ","SOD-123 ","1 ","260 ","0.034 ",
"SZMMSZ4690ET1G","Active","H Pb A P ","5.6, ","0.5, ","3.68 x 1.60 x 1.17, ","SOD-123 ","1 ","260 ","0.0632 ",
"MMSZ4689ET1G","Active","H Pb   ","5.1, ","0.5, ","3.68 x 1.60 x 1.17, ","SOD-123 ","1 ","260 ","0.0401 ",
"MMSZ4680ET1G","Active","H Pb   ","2.2, ","0.5, ","3.68 x 1.60 x 1.17, ","SOD-123 ","1 ","260 ","0.0501 ",
"MMSZ5258BT3G","Active","H Pb   ","36, ","0.5, ","3.68 x 1.60 x 1.17, ","SOD-123 ","1 ","260 ","0.0247 ",
"MMSZ5249BT1G","Active","H Pb   ","19, ","0.5, ","3.68 x 1.60 x 1.17, ","SOD-123 ","1 ","260 ","0.0284 ",
"MMSZ5258BT1G","Active","H Pb   ","36, ","0.5, ","3.68 x 1.60 x 1.17, ","SOD-123 ","1 ","260 ","0.0151 ",
"MMSZ5226CT1G","Active","H Pb   ","3.3, ","0.5, ","3.68 x 1.60 x 1.17, ","SOD-123 ","1 ","260 ","0.0245 ",
"MMSZ5267BT1G","Active","H Pb   ","75, ","0.5, ","3.68 x 1.60 x 1.17, ","SOD-123 ","1 ","260 ","0.0156 ",
"MMSZ5272BT1G","Active","H Pb   ","110, ","0.5, ","3.68 x 1.60 x 1.17, ","SOD-123 ","1 ","260 ","0.0247 ",
"MMSZ5272BT3G","Active","H Pb   ","110, ","0.5, ","3.68 x 1.60 x 1.17, ","SOD-123 ","1 ","260 ","0.0196 ",
"MMSZ5222BT1G","Active","H Pb   ","2.5, ","0.5, ","3.68 x 1.60 x 1.17, ","SOD-123 ","1 ","260 ","0.0233 ",
"MMSZ5265BT1G","Active","H Pb   ","62, ","0.5, ","3.68 x 1.60 x 1.17, ","SOD-123 ","1 ","260 ","0.0233 ",
"MMSZ5270BT1G","Active","H Pb   ","91, ","0.5, ","3.68 x 1.60 x 1.17, ","SOD-123 ","1 ","260 ","0.0172 ",
"MMSZ5254BT1G","Active","H Pb   ","27, ","0.5, ","3.68 x 1.60 x 1.17, ","SOD-123 ","1 ","260 ","0.0172 ",
"MMSZ5231CT1G","Active","H Pb   ","5.1, ","0.5, ","3.68 x 1.60 x 1.17, ","SOD-123 ","1 ","260 ","0.0784 ",
"MMSZ5238BT1G","Active","H Pb   ","8.7, ","0.5, ","3.68 x 1.60 x 1.17, ","SOD-123 ","1 ","260 ","0.0156 ",
"MMSZ5229BT1G","Active","H Pb   ","4.3, ","0.5, ","3.68 x 1.60 x 1.17, ","SOD-123 ","1 ","260 ","0.0156 ",
"MMSZ5256BT1G","Active","H Pb   ","30, ","0.5, ","3.68 x 1.60 x 1.17, ","SOD-123 ","1 ","260 ","0.0156 ",
"MMSZ5240BT1G","Active","H Pb   ","10, ","0.5, ","3.68 x 1.60 x 1.17, ","SOD-123 ","1 ","260 ","0.0156 ",
"MMSZ5248CT1G","Active","H Pb   ","18, ","0.5, ","3.68 x 1.60 x 1.17, ","SOD-123 ","1 ","260 ","0.0784 ",
"MMSZ5240BT3G","Active","H Pb   ","10, ","0.5, ","3.68 x 1.60 x 1.17, ","SOD-123 ","1 ","260 ","0.0156 ",
"MMSZ5227BT1G","Active","H Pb   ","3.6, ","0.5, ","3.68 x 1.60 x 1.17, ","SOD-123 ","1 ","260 ","0.0156 ",
"MMSZ5242BT1G","Active","H Pb   ","12, ","0.5, ","3.68 x 1.60 x 1.17, ","SOD-123 ","1 ","260 ","0.0156 ",
"MMSZ5226BT1G","Active","H Pb   ","3.3, ","0.5, ","3.68 x 1.60 x 1.17, ","SOD-123 ","1 ","260 ","0.0156 ",
"MMSZ5258CT1G","Active","H Pb   ","36, ","0.5, ","3.68 x 1.60 x 1.17, ","SOD-123 ","1 ","260 ","0.0784 ",
"MMSZ5242BT3G","Active","H Pb   ","12, ","0.5, ","3.68 x 1.60 x 1.17, ","SOD-123 ","1 ","260 ","0.022 ",
"MMSZ5235BT1G","Active","H Pb   ","6.8, ","0.5, ","3.68 x 1.60 x 1.17, ","SOD-123 ","1 ","260 ","0.0156 ",
"MMSZ5252BT1G","Active","H Pb   ","24, ","0.5, ","3.68 x 1.60 x 1.17, ","SOD-123 ","1 ","260 ","0.0156 ",
"MMSZ5244BT1G","Active","H Pb   ","14, ","0.5, ","3.68 x 1.60 x 1.17, ","SOD-123 ","1 ","260 ","0.0156 ",
"MMSZ5237BT1G","Active","H Pb   ","8.2, ","0.5, ","3.68 x 1.60 x 1.17, ","SOD-123 ","1 ","260 ","0.0156 ",
"MMSZ5250BT1G","Active","H Pb   ","20, ","0.5, ","3.68 x 1.60 x 1.17, ","SOD-123 ","1 ","260 ","0.0156 ",
"MMSZ5231BT3G","Active","H Pb   ","5.1, ","0.5, ","3.68 x 1.60 x 1.17, ","SOD-123 ","1 ","260 ","0.0156 ",
"MMSZ5231BT1G","Active","H Pb   ","5.1, ","0.5, ","3.68 x 1.60 x 1.17, ","SOD-123 ","1 ","260 ","0.0215 ",
"MMSZ5263BT1G","Active","H Pb   ","56, ","0.5, ","3.68 x 1.60 x 1.17, ","SOD-123 ","1 ","260 ","0.0156 ",
"MMSZ5246BT1G","Active","H Pb   ","16, ","0.5, ","3.68 x 1.60 x 1.17, ","SOD-123 ","1 ","260 ","0.0156 ",
"MMSZ5248BT3G","Active","H Pb   ","18, ","0.5, ","3.68 x 1.60 x 1.17, ","SOD-123 ","1 ","260 ","0.0313 ",
"MMSZ5261BT1G","Active","H Pb   ","47, ","0.5, ","3.68 x 1.60 x 1.17, ","SOD-123 ","1 ","260 ","0.0156 ",
"MMSZ5248BT1G","Active","H Pb   ","18, ","0.5, ","3.68 x 1.60 x 1.17, ","SOD-123 ","1 ","260 ","0.0156 ",
"MMSZ5233BT1G","Active","H Pb   ","6, ","0.5, ","3.68 x 1.60 x 1.17, ","SOD-123 ","1 ","260 ","0.0156 ",
"MMSZ5266BT1G","Active","H Pb   ","68, ","0.5, ","3.68 x 1.60 x 1.17, ","SOD-123 ","1 ","260 ","0.0197 ",
"MMSZ5257BT1G","Active","H Pb   ","33, ","0.5, ","3.68 x 1.60 x 1.17, ","SOD-123 ","1 ","260 ","0.0156 ",
"MMSZ5245CT1G","Active","H Pb   ","15, ","0.5, ","3.68 x 1.60 x 1.17, ","SOD-123 ","1 ","260 ","0.0784 ",
"MMSZ5264BT1G","Active","H Pb   ","60, ","0.5, ","3.68 x 1.60 x 1.17, ","SOD-123 ","1 ","260 ","0.0233 ",
"SZMMSZ5223BT1G","Active","H Pb A P ","2.7, ","0.5, ","3.68 x 1.60 x 1.17, ","SOD-123 ","1 ","260 ","0.0308 ",
"MMSZ5221BT1G","Active","H Pb   ","2.4, ","0.5, ","3.68 x 1.60 x 1.17, ","SOD-123 ","1 ","260 ","0.0156 ",
"MMSZ5250CT1G","Active","H Pb   ","20, ","0.5, ","3.68 x 1.60 x 1.17, ","SOD-123 ","1 ","260 ","0.0784 ",
"MMSZ5259BT1G","Active","H Pb   ","39, ","0.5, ","3.68 x 1.60 x 1.17, ","SOD-123 ","1 ","260 ","0.0156 ",
"MMSZ5223BT1G","Active","H Pb   ","2.7, ","0.5, ","3.68 x 1.60 x 1.17, ","SOD-123 ","1 ","260 ","0.0233 ",
"MMSZ5253BT1G","Active","H Pb   ","25, ","0.5, ","3.68 x 1.60 x 1.17, ","SOD-123 ","1 ","260 ","0.0233 ",
"MMSZ5239BT1G","Active","H Pb   ","9.1, ","0.5, ","3.68 x 1.60 x 1.17, ","SOD-123 ","1 ","260 ","0.0156 ",
"MMSZ5268BT1G","Active","H Pb   ","82, ","0.5, ","3.68 x 1.60 x 1.17, ","SOD-123 ","1 ","260 ","0.0203 ",
"MMSZ5232CT1G","Active","H Pb   ","5.6, ","0.5, ","3.68 x 1.60 x 1.17, ","SOD-123 ","1 ","260 ","0.0784 ",
"MMSZ5228BT1G","Active","H Pb   ","3.9, ","0.5, ","3.68 x 1.60 x 1.17, ","SOD-123 ","1 ","260 ","0.0156 ",
"MMSZ5255BT1G","Active","H Pb   ","28, ","0.5, ","3.68 x 1.60 x 1.17, ","SOD-123 ","1 ","260 ","0.0156 ",
"MMSZ5251BT1G","Active","H Pb   ","22, ","0.5, ","3.68 x 1.60 x 1.17, ","SOD-123 ","1 ","260 ","0.0156 ",
"MMSZ5234BT1G","Active","H Pb   ","6.2, ","0.5, ","3.68 x 1.60 x 1.17, ","SOD-123 ","1 ","260 ","0.0156 ",
"MMSZ5225BT1G","Active","H Pb   ","3, ","0.5, ","3.68 x 1.60 x 1.17, ","SOD-123 ","1 ","260 ","0.0156 ",
"MMSZ5241BT1G","Active","H Pb   ","11, ","0.5, ","3.68 x 1.60 x 1.17, ","SOD-123 ","1 ","260 ","0.0156 ",
"MMSZ5236BT1G","Active","H Pb   ","7.5, ","0.5, ","3.68 x 1.60 x 1.17, ","SOD-123 ","1 ","260 ","0.0156 ",
"MMSZ5243BT1G","Active","H Pb   ","13, ","0.5, ","3.68 x 1.60 x 1.17, ","SOD-123 ","1 ","260 ","0.0156 ",
"MMSZ5262BT1G","Active","H Pb   ","51, ","0.5, ","3.68 x 1.60 x 1.17, ","SOD-123 ","1 ","260 ","0.0156 ",
"MMSZ5245BT1G","Active","H Pb   ","15, ","0.5, ","3.68 x 1.60 x 1.17, ","SOD-123 ","1 ","260 ","0.0156 ",
"MMSZ5247BT3G","Active","H Pb   ","17, ","0.5, ","3.68 x 1.60 x 1.17, ","SOD-123 ","1 ","260 ","0.0313 ",
"MMSZ5230BT1G","Active","H Pb   ","4.7, ","0.5, ","3.68 x 1.60 x 1.17, ","SOD-123 ","1 ","260 ","0.0153 ",
"MMSZ5260BT1G","Active","H Pb   ","43, ","0.5, ","3.68 x 1.60 x 1.17, ","SOD-123 ","1 ","260 ","0.0156 ",
"MMSZ5232BT1G","Active","H Pb   ","5.6, ","0.5, ","3.68 x 1.60 x 1.17, ","SOD-123 ","1 ","260 ","0.0156 ",
"MMSZ5247BT1G","Active","H Pb   ","17, ","0.5, ","3.68 x 1.60 x 1.17, ","SOD-123 ","1 ","260 ","0.0156 ",
"MMSZ5266BT3G","Product Preview"," Pb   ","68, ","0.5, ",", ","SOD-123 ","1 ","260 ","0.0 ",
"SZMMSZ5258ET1G","Active","H Pb A P ","36, ","0.5, ","3.68 x 1.60 x 1.17, ","SOD-123 ","1 ","260 ","0.0513 ",
"MMSZ5245ET1G","Active","H Pb   ","15, ","0.5, ","3.68 x 1.60 x 1.17, ","SOD-123 ","1 ","260 ","0.0515 ",
"SZMMSZ5256ET1G","Active","H Pb A P ","30, ","0.5, ","3.68 x 1.60 x 1.17, ","SOD-123 ","1 ","260 ","0.0721 ",
"MMSZ5254ET1G","Active","H Pb   ","27, ","0.5, ","3.68 x 1.60 x 1.17, ","SOD-123 ","1 ","260 ","0.0381 ",
"MMSZ5252ET1G","Active","H Pb   ","24, ","0.5, ","3.68 x 1.60 x 1.17, ","SOD-123 ","1 ","260 ","0.0481 ",
"SZMMSZ5245ET1G","Active","H Pb A P ","15, ","0.5, ","3.68 x 1.60 x 1.17, ","SOD-123 ","1 ","260 ","0.086 ",
"SZMMSZ5242ET1G","Active","H Pb A P ","12, ","0.5, ","3.68 x 1.60 x 1.17, ","SOD-123 ","1 ","260 ","0.07 ",
"SZMMSZ5251ET1G","Active","H Pb A P ","21, ","0.5, ","3.68 x 1.60 x 1.17, ","SOD-123 ","1 ","260 ","0.0721 ",
"SZMMSZ5253ET1G","Active","H Pb A P ","25, ","0.5, ","3.68 x 1.60 x 1.17, ","SOD-123 ","1 ","260 ","0.0513 ",
"MMSZ5242ET1G","Active","H Pb   ","12, ","0.5, ","3.68 x 1.60 x 1.17, ","SOD-123 ","1 ","260 ","0.0465 ",
"MMSZ5257ET1G","Active","H Pb   ","33, ","0.5, ","3.68 x 1.60 x 1.17, ","SOD-123 ","1 ","260 ","0.0381 ",
"SZMMSZ5257ET1G","Active","H Pb A P ","33, ","0.5, ","3.68 x 1.60 x 1.17, ","SOD-123 ","1 ","260 ","0.0721 ",
"MMSZ5237ET1G","Active","H Pb   ","8.2, ","0.5, ","3.68 x 1.60 x 1.17, ","SOD-123 ","1 ","260 ","0.0381 ",
"MMSZ5244ET1G","Active","H Pb   ","14, ","0.5, ","3.68 x 1.60 x 1.17, ","SOD-123 ","1 ","260 ","0.0655 ",
"MMSZ5246ET1G","Active","H Pb   ","16, ","0.5, ","3.68 x 1.60 x 1.17, ","SOD-123 ","1 ","260 ","0.0512 ",
"SZMMSZ5248ET1G","Active","H Pb A P ","18, ","0.5, ","3.68 x 1.60 x 1.17, ","SOD-123 ","1 ","260 ","0.0513 ",
"SZMMSZ5246ET1G","Active","H Pb A P ","16, ","0.5, ","3.68 x 1.60 x 1.17, ","SOD-123 ","1 ","260 ","0.0721 ",
"SZMMSZ5244ET1G","Active","H Pb A P ","14, ","0.5, ","3.68 x 1.60 x 1.17, ","SOD-123 ","1 ","260 ","0.0735 ",
"MMSZ5235ET1G","Active","H Pb   ","6.8, ","0.5, ","3.68 x 1.60 x 1.17, ","SOD-123 ","1 ","260 ","0.0552 ",
"SZMMSZ5252ET3G","Active","H Pb A P ","24, ","0.5, ","3.68 x 1.60 x 1.17, ","SOD-123 ","1 ","260 ","0.0721 ",
"SZMMSZ5235ET1G","Active","H Pb A P ","6.8, ","0.5, ","3.68 x 1.60 x 1.17, ","SOD-123 ","1 ","260 ","0.0913 ",
"SZMMSZ5252ET1G","Active","H Pb A P ","24, ","0.5, ","3.68 x 1.60 x 1.17, ","SOD-123 ","1 ","260 ","0.07 ",
"SZMMSZ5254ET1G","Active","H Pb A P ","27, ","0.5, ","3.68 x 1.60 x 1.17, ","SOD-123 ","1 ","260 ","0.0721 ",
"MMSZ5256ET1G","Active","H Pb   ","30, ","0.5, ","3.68 x 1.60 x 1.17, ","SOD-123 ","1 ","260 ","0.0479 ",
"SZMMSZ5250ET1G","Active","H Pb A P ","20, ","0.5, ","3.68 x 1.60 x 1.17, ","SOD-123 ","1 ","260 ","0.0735 ",
"NSZ5V6V2T5G","Active","H Pb   ","5.6, ","0.2, ","1.60 x 0.80 x 0.60, ","SOD-523-2 ","1 ","260 ","0.0891 ",
"SZNZ8DH9V1MXWT5G","Active","H Pb A P ","9.1, ","0.3, ","1.00 x 0.60 x 0.50, ","XDFNW-2 1.00x0.60x0.50, 0.65P ","1 ","260 ","0.0 ",
"NZ8DH9V1MXWT5G","Active","H Pb   ","9.1, ","0.3, ","1.00 x 0.60 x 0.50, ","XDFNW-2 1.00x0.60x0.50, 0.65P ","1 ","260 ","0.0 ",
"SZNZ8DH33VMXWT5G","Active","H Pb A P ","33, ","0.3, ","1.00 x 0.60 x 0.50, ","XDFNW-2 1.00x0.60x0.50, 0.65P ","1 ","260 ","0.0 ",
"NZ8DH27VMXWT5G","Active","H Pb   ","27, ","0.3, ","1.00 x 0.60 x 0.50, ","XDFNW-2 1.00x0.60x0.50, 0.65P ","1 ","260 ","0.0 ",
"NZ8DH33VMXWT5G","Active","H Pb   ","33, ","0.3, ","1.00 x 0.60 x 0.50, ","XDFNW-2 1.00x0.60x0.50, 0.65P ","1 ","260 ","0.0 ",
"SZNZ8DH27VMXWT5G","Active","H Pb A P ","27, ","0.3, ","1.00 x 0.60 x 0.50, ","XDFNW-2 1.00x0.60x0.50, 0.65P ","1 ","260 ","0.0 ",
"NZ8DH47VMXWT5G","Active","H Pb   ","47, ","0.3, ","1.00 x 0.60 x 0.50, ","XDFNW-2 1.00x0.60x0.50, 0.65P ","1 ","260 ","0.0 ",
"SZNZ8DH47VMXWT5G","Active","H Pb A P ","47, ","0.3, ","1.00 x 0.60 x 0.50, ","XDFNW-2 1.00x0.60x0.50, 0.65P ","1 ","260 ","0.0 ",
"NZ9F5V1T5G","Active","H Pb   ","5.1, ","0.25, ","1.00 x 0.60 x 0.37, ","SOD-923-2 ","1 ","260 ","0.028 ",
"NZ9F15VT5G","Active","H Pb   ","15, ","0.25, ","1.00 x 0.60 x 0.37, ","SOD-923-2 ","1 ","260 ","0.028 ",
"NZ9F24VT5G","Active","H Pb   ","24, ","0.25, ","1.00 x 0.60 x 0.37, ","SOD-923-2 ","1 ","260 ","0.028 ",
"NZ9F22VT5G","Active","H Pb   ","22, ","0.25, ","1.00 x 0.60 x 0.37, ","SOD-923-2 ","1 ","260 ","0.028 ",
"NZ9F4V7T5G","Active","H Pb   ","4.7, ","0.25, ","1.00 x 0.60 x 0.37, ","SOD-923-2 ","1 ","260 ","0.028 ",
"SZNZ9F20VT5G","Active","H Pb A P ","20, ","0.25, ","1.00 x 0.60 x 0.37, ","SOD-923-2 ","1 ","260 ","0.0309 ",
"NZ9F11VT5G","Active","H Pb   ","11, ","0.25, ","1.00 x 0.60 x 0.37, ","SOD-923-2 ","1 ","260 ","0.028 ",
"SZNZ9F3V9T5G","Active","H Pb A P ","3.9, ","0.25, ","1.00 x 0.60 x 0.37, ","SOD-923-2 ","1 ","260 ","0.0309 ",
"NZ9F3V9T5G","Active","H Pb   ","3.9, ","0.25, ","1.00 x 0.60 x 0.37, ","SOD-923-2 ","1 ","260 ","0.028 ",
"NZ9F6V2T5G","Active","H Pb   ","6.2, ","0.25, ","1.00 x 0.60 x 0.37, ","SOD-923-2 ","1 ","260 ","0.028 ",
"SZNZ9F6V2T5G","Active","H Pb A P ","6.2, ","0.25, ","1.00 x 0.60 x 0.37, ","SOD-923-2 ","1 ","260 ","0.0309 ",
"SZNZ9F15VT5G","Active","H Pb A P ","15, ","0.25, ","1.00 x 0.60 x 0.37, ","SOD-923-2 ","1 ","260 ","0.0309 ",
"SZNZ9F5V1T5G","Active","H Pb A P ","5.1, ","0.25, ","1.00 x 0.60 x 0.37, ","SOD-923-2 ","1 ","260 ","0.0309 ",
"NZ9F2V4T5G","Active","H Pb   ","2.4, ","0.25, ","1.00 x 0.60 x 0.37, ","SOD-923-2 ","1 ","260 ","0.028 ",
"SZNZ9F2V4T5G","Active","H Pb A P ","2.4, ","0.25, ","1.00 x 0.60 x 0.37, ","SOD-923-2 ","1 ","260 ","0.0309 ",
"NZ9F16VT5G","Active","H Pb   ","16, ","0.25, ","1.00 x 0.60 x 0.37, ","SOD-923-2 ","1 ","260 ","0.028 ",
"NZ9F10VT5G","Active","H Pb   ","10, ","0.25, ","1.00 x 0.60 x 0.37, ","SOD-923-2 ","1 ","260 ","0.028 ",
"NZ9F6V8T5G","Active","H Pb   ","6.8, ","0.25, ","1.00 x 0.60 x 0.37, ","SOD-923-2 ","1 ","260 ","0.028 ",
"NZ9F12VT5G","Active","H Pb   ","12, ","0.25, ","1.00 x 0.60 x 0.37, ","SOD-923-2 ","1 ","260 ","0.028 ",
"SZNZ9F3V0T5G","Active","H Pb A P ","3, ","0.25, ","1.00 x 0.60 x 0.37, ","SOD-923-2 ","1 ","260 ","0.0309 ",
"NZ9F5V6T5G","Active","H Pb   ","5.6, ","0.25, ","1.00 x 0.60 x 0.37, ","SOD-923-2 ","1 ","260 ","0.028 ",
"NZ9F18VT5G","Active","H Pb   ","18, ","0.25, ","1.00 x 0.60 x 0.37, ","SOD-923-2 ","1 ","260 ","0.028 ",
"NZ9F20VT5G","Active","H Pb   ","20, ","0.25, ","1.00 x 0.60 x 0.37, ","SOD-923-2 ","1 ","260 ","0.028 ",
"NZ9F3V3T5G","Active","H Pb   ","3.3, ","0.25, ","1.00 x 0.60 x 0.37, ","SOD-923-2 ","1 ","260 ","0.028 ",
"NZ9F5V6ST5G","Active","H Pb   ","5.6, ","0.25, ","1.00 x 0.60 x 0.37, ","SOD-923-2 ","1 ","260 ","0.0307 ",
"SZNZ9F6V2ST5G","Active","H Pb A P ","6.2, ","0.25, ","1.00 x 0.60 x 0.37, ","SOD-923-2 ","1 ","260 ","0.034 ",
"NZ9F15VST5G","Active","H Pb   ","15, ","0.25, ","1.00 x 0.60 x 0.37, ","SOD-923-2 ","1 ","260 ","0.0307 ",
"NZ9F12VST5G","Active","H Pb   ","12, ","0.25, ","1.00 x 0.60 x 0.37, ","SOD-923-2 ","1 ","260 ","0.0307 ",
"SZNZ9F18VST5G","Active","H Pb A P ","18, ","0.25, ","1.00 x 0.60 x 0.37, ","SOD-923-2 ","1 ","260 ","0.034 ",
"SZNZ9F7V5ST5G","Active","H Pb A P ","7.5, ","0.25, ","1.00 x 0.60 x 0.37, ","SOD-923-2 ","1 ","260 ","0.034 ",
"SZNZ9F10VST5G","Active","H Pb A P ","10, ","0.25, ","1.00 x 0.60 x 0.37, ","SOD-923-2 ","1 ","260 ","0.034 ",
"NZ9F11VST5G","Active","H Pb   ","11, ","0.25, ","1.00 x 0.60 x 0.37, ","SOD-923-2 ","1 ","260 ","0.0307 ",
"NZ9F2V4ST5G","Active","H Pb   ","2.4, ","0.25, ","1.00 x 0.60 x 0.37, ","SOD-923-2 ","1 ","260 ","0.0307 ",
"NZ9F6V8ST5G","Active","H Pb   ","6.8, ","0.25, ","1.00 x 0.60 x 0.37, ","SOD-923-2 ","1 ","260 ","0.0307 ",
"SZNZ9F2V7ST5G","Active","H Pb A P ","2.7, ","0.25, ","1.00 x 0.60 x 0.37, ","SOD-923-2 ","1 ","250 ","0.034 ",
"SZNZ9F4V3ST5G","Active","H Pb A P ","4.3, ","0.25, ","1.00 x 0.60 x 0.37, ","SOD-923-2 ","1 ","260 ","0.034 ",
"NZ9F16VST5G","Active","H Pb   ","16, ","0.25, ","1.00 x 0.60 x 0.37, ","SOD-923-2 ","1 ","260 ","0.0307 ",
"SZNZ9F4V7ST5G","Active","H Pb A P ","4.7, ","0.25, ","1.00 x 0.60 x 0.37, ","SOD-923-2 ","1 ","260 ","0.034 ",
"NZ9F6V2ST5G","Active","H Pb   ","6.2, ","0.25, ","1.00 x 0.60 x 0.37, ","SOD-923-2 ","1 ","260 ","0.0307 ",
"NZ9F3V9ST5G","Active","H Pb   ","3.9, ","0.25, ","1.00 x 0.60 x 0.37, ","SOD-923-2 ","1 ","260 ","0.0307 ",
"NZ9F18VST5G","Active","H Pb   ","18, ","0.25, ","1.00 x 0.60 x 0.37, ","SOD-923-2 ","1 ","260 ","0.0307 ",
"SZNZ9F6V8ST5G","Active","H Pb A P ","6.8, ","0.25, ","1.00 x 0.60 x 0.37, ","SOD-923-2 ","1 ","260 ","0.034 ",
"NZ9F5V1ST5G","Active","H Pb   ","5.1, ","0.25, ","1.00 x 0.60 x 0.37, ","SOD-923-2 ","1 ","260 ","0.0307 ",
"NZ9F10VST5G","Active","H Pb   ","10, ","0.25, ","1.00 x 0.60 x 0.37, ","SOD-923-2 ","1 ","260 ","0.0307 ",
"NZ9F4V7ST5G","Active","H Pb   ","4.7, ","0.25, ","1.00 x 0.60 x 0.37, ","SOD-923-2 ","1 ","260 ","0.0307 ",
"NZ9F3V3ST5G","Active","H Pb   ","3.3, ","0.25, ","1.00 x 0.60 x 0.37, ","SOD-923-2 ","1 ","260 ","0.0307 ",
"NZ9F7V5ST5G","Active","H Pb   ","7.5, ","0.25, ","1.00 x 0.60 x 0.37, ","SOD-923-2 ","1 ","260 ","0.0307 ",
"SZNZ9F5V6ST5G","Active","H Pb A P ","5.6, ","0.25, ","1.00 x 0.60 x 0.37, ","SOD-923-2 ","1 ","260 ","0.034 ",
"NZD4V3MUT5G","Active","H Pb   ","4.3, ","0.2, ","0.62 x 0.32 x 0.29, ","X3DFN-2 ","1 ","260 ","0.0233 ",
"NZD3V6MUT5G","Active","H Pb   ","3.6, ","0.2, ","0.62 x 0.32 x 0.29, ","X3DFN-2 ","1 ","260 ","0.0433 ",
"NZD7V5MUT5G","Active","H Pb   ","7.5, ","0.2, ","0.62 x 0.32 x 0.29, ","X3DFN-2 ","1 ","260 ","0.0323 ",
"NZD2V2MUT5G","Active","H Pb   ","2.2, ","0.2, ","0.62 x 0.32 x 0.29, ","X3DFN-2 ","1 ","260 ","0.0233 ",
"NZD6V8MUT5G","Active","H Pb   ","6.8, ","0.2, ","0.62 x 0.32 x 0.29, ","X3DFN-2 ","1 ","260 ","0.0257 ",
"NZD2V4MUT5G","Active","H Pb   ","2.4, ","0.2, ","0.62 x 0.32 x 0.29, ","X3DFN-2 ","1 ","260 ","0.0233 ",
"NZD5V1MUT5G","Active","H Pb   ","5.1, ","0.2, ","0.62 x 0.32 x 0.29, ","X3DFN-2 ","1 ","260 ","0.0433 ",
"NZD6V2MUT5G","Active","H Pb   ","6.2, ","0.2, ","0.62 x 0.32 x 0.29, ","X3DFN-2 ","1 ","260 ","0.0433 ",
"NZD2V7MUT5G","Active","H Pb   ","2.7, ","0.2, ","0.62 x 0.32 x 0.29, ","X3DFN-2 ","1 ","260 ","0.0233 ",
"NZD3V0MUT5G","Active","H Pb   ","3, ","0.2, ","0.62 x 0.32 x 0.29, ","X3DFN-2 ","1 ","260 ","0.0233 ",
"NZD3V3MUT5G","Active","H Pb   ","3.3, ","0.2, ","0.62 x 0.32 x 0.29, ","X3DFN-2 ","1 ","260 ","0.0233 ",
"NZD9V1MUT5G","Active","H Pb   ","9.1, ","0.2, ","0.62 x 0.32 x 0.29, ","X3DFN-2 ","1 ","260 ","0.0433 ",
"NZD5V6MUT5G","Active","H Pb   ","5.6, ","0.2, ","0.62 x 0.32 x 0.29, ","X3DFN-2 ","1 ","260 ","0.0433 ",
"NZD3V9MUT5G","Active","H Pb   ","3.9, ","0.2, ","0.62 x 0.32 x 0.29, ","X3DFN-2 ","1 ","260 ","0.0257 ",
"NZD4V7MUT5G","Active","H Pb   ","4.7, ","0.2, ","0.62 x 0.32 x 0.29, ","X3DFN-2 ","1 ","260 ","0.0257 ",
"NZD8V2MUT5G","Active","H Pb   ","8.2, ","0.2, ","0.62 x 0.32 x 0.29, ","X3DFN-2 ","1 ","260 ","0.0233 ",
"SZMMSZ5248CT1G","Active","H Pb A P ","18, ","0.5, ","3.68 x 1.60 x 1.17, ","SOD-123 ","1 ","260 ","0.0395 ",
"SZMMSZ5240BT1G","Active","H Pb A P ","10, ","0.5, ","3.68 x 1.60 x 1.17, ","SOD-123 ","1 ","260 ","0.0431 ",
"SZMMSZ5233BT1G","Active","H Pb A P ","6, ","0.5, ","3.68 x 1.60 x 1.17, ","SOD-123 ","1 ","260 ","0.0431 ",
"SZMMSZ5226BT1G","Active","H Pb A P ","3.3, ","0.5, ","3.68 x 1.60 x 1.17, ","SOD-123 ","1 ","260 ","0.0431 ",
"SZMMSZ5231BT1G","Active","H Pb A P ","5.1, ","0.5, ","3.68 x 1.60 x 1.17, ","SOD-123 ","1 ","260 ","0.0431 ",
"SZMMSZ5251BT1G","Active","H Pb A P ","22, ","0.5, ","3.68 x 1.60 x 1.17, ","SOD-123 ","1 ","260 ","0.0431 ",
"SZMMSZ5260BT1G","Active","H Pb A P ","43, ","0.5, ","3.68 x 1.60 x 1.17, ","SOD-123 ","1 ","260 ","0.0293 ",
"SZMMSZ5222BT1G","Active","H Pb A P ","2.5, ","0.5, ","3.68 x 1.60 x 1.17, ","SOD-123 ","1 ","260 ","0.0431 ",
"SZMMSZ5237BT1G","Active","H Pb A P ","8.2, ","0.5, ","3.68 x 1.60 x 1.17, ","SOD-123 ","1 ","260 ","0.0431 ",
"SZMMSZ5262BT1G","Active","H Pb A P ","51, ","0.5, ","3.68 x 1.60 x 1.17, ","SOD-123 ","1 ","260 ","0.0431 ",
"SZMMSZ5249BT1G","Active","H Pb A P ","19, ","0.5, ","3.68 x 1.60 x 1.17, ","SOD-123 ","1 ","260 ","0.0337 ",
"SZMMSZ5235BT1G","Active","H Pb A P ","6.8, ","0.5, ","3.68 x 1.60 x 1.17, ","SOD-123 ","1 ","260 ","0.0431 ",
"SZMMSZ5272BT3G","Active","H Pb A P ","110, ","0.5, ","3.68 x 1.60 x 1.17, ","SOD-123 ","1 ","260 ","0.0353 ",
"SZMMSZ5272BT1G","Active","H Pb A P ","110, ","0.5, ","3.68 x 1.60 x 1.17, ","SOD-123 ","1 ","260 ","0.0431 ",
"SZMMSZ5255BT1G","Active","H Pb A P ","28, ","0.5, ","3.68 x 1.60 x 1.17, ","SOD-123 ","1 ","260 ","0.0431 ",
"SZMMSZ5264BT1G","Active","H Pb A P ","60, ","0.5, ","3.68 x 1.60 x 1.17, ","SOD-123 ","1 ","260 ","0.0293 ",
"SZMMSZ5248BT1G","Active","H Pb A P ","18, ","0.5, ","3.68 x 1.60 x 1.17, ","SOD-123 ","1 ","260 ","0.0431 ",
"SZMMSZ5246BT1G","Active","H Pb A P ","16, ","0.5, ","3.68 x 1.60 x 1.17, ","SOD-123 ","1 ","260 ","0.0431 ",
"SZMMSZ5238BT1G","Active","H Pb A P ","8.7, ","0.5, ","3.68 x 1.60 x 1.17, ","SOD-123 ","1 ","260 ","0.0431 ",
"SZMMSZ5266BT1G","Active","H Pb A P ","68, ","0.5, ","3.68 x 1.60 x 1.17, ","SOD-123 ","1 ","260 ","0.0431 ",
"SZMMSZ5253BT1G","Active","H Pb A P ","25, ","0.5, ","3.68 x 1.60 x 1.17, ","SOD-123 ","1 ","260 ","0.0431 ",
"SZMMSZ5231CT1G","Active","H Pb A P ","5.1, ","0.5, ","3.68 x 1.60 x 1.17, ","SOD-123 ","1 ","260 ","0.0395 ",
"SZMMSZ5244BT1G","Active","H Pb A P ","14, ","0.5, ","3.68 x 1.60 x 1.17, ","SOD-123 ","1 ","260 ","0.0431 ",
"SZMMSZ5259BT1G","Active","H Pb A P ","39, ","0.5, ","3.68 x 1.60 x 1.17, ","SOD-123 ","1 ","260 ","0.0431 ",
"SZMMSZ5268BT1G","Active","H Pb A P ","82, ","0.5, ","3.68 x 1.60 x 1.17, ","SOD-123 ","1 ","260 ","0.0293 ",
"SZMMSZ5227BT1G","Active","H Pb A P ","3.6, ","0.5, ","3.68 x 1.60 x 1.17, ","SOD-123 ","1 ","260 ","0.0431 ",
"SZMMSZ5242BT1G","Active","H Pb A P ","12, ","0.5, ","3.68 x 1.60 x 1.17, ","SOD-123 ","1 ","260 ","0.0431 ",
"SZMMSZ5257BT1G","Active","H Pb A P ","33, ","0.5, ","3.68 x 1.60 x 1.17, ","SOD-123 ","1 ","260 ","0.0431 ",
"SZMMSZ5270BT1G","Active","H Pb A P ","91, ","0.5, ","3.68 x 1.60 x 1.17, ","SOD-123 ","1 ","260 ","0.0431 ",
"SZMMSZ5229BT1G","Active","H Pb A P ","4.3, ","0.5, ","3.68 x 1.60 x 1.17, ","SOD-123 ","1 ","260 ","0.0431 ",
"SZMMSZ5242BT3G","Active","H Pb A P ","12, ","0.5, ","3.68 x 1.60 x 1.17, ","SOD-123 ","1 ","260 ","0.0431 ",
"SZMMSZ5232BT1G","Active","H Pb A P ","5.6, ","0.5, ","3.68 x 1.60 x 1.17, ","SOD-123 ","1 ","260 ","0.0431 ",
"SZMMSZ5250BT1G","Active","H Pb A P ","20, ","0.5, ","3.68 x 1.60 x 1.17, ","SOD-123 ","1 ","260 ","0.0431 ",
"SZMMSZ5225BT1G","Active","H Pb A P ","3, ","0.5, ","3.68 x 1.60 x 1.17, ","SOD-123 ","1 ","260 ","0.0431 ",
"SZMMSZ5230BT1G","Active","H Pb A P ","4.7, ","0.5, ","3.68 x 1.60 x 1.17, ","SOD-123 ","1 ","260 ","0.0431 ",
"SZMMSZ5221BT1G","Active","H Pb A P ","2.4, ","0.5, ","3.68 x 1.60 x 1.17, ","SOD-123 ","1 ","260 ","0.0431 ",
"SZMMSZ5236BT1G","Active","H Pb A P ","7.5, ","0.5, ","3.68 x 1.60 x 1.17, ","SOD-123 ","1 ","260 ","0.0431 ",
"SZMMSZ5261BT1G","Active","H Pb A P ","47, ","0.5, ","3.68 x 1.60 x 1.17, ","SOD-123 ","1 ","260 ","0.0431 ",
"SZMMSZ5261BT3G","Active","H Pb A P ","47, ","0.5, ","3.68 x 1.60 x 1.17, ","SOD-123 ","1 ","260 ","0.0431 ",
"SZMMSZ5234BT1G","Active","H Pb A P ","6.2, ","0.5, ","3.68 x 1.60 x 1.17, ","SOD-123 ","1 ","260 ","0.0431 ",
"SZMMSZ5258CT1G","Active","H Pb A P ","36, ","0.5, ","3.68 x 1.60 x 1.17, ","SOD-123 ","1 ","260 ","0.0395 ",
"SZMMSZ5263BT1G","Active","H Pb A P ","56, ","0.5, ","3.68 x 1.60 x 1.17, ","SOD-123 ","1 ","260 ","0.0431 ",
"SZMMSZ5247BT1G","Active","H Pb A P ","17, ","0.5, ","3.68 x 1.60 x 1.17, ","SOD-123 ","1 ","260 ","0.0431 ",
"SZMMSZ5265BT1G","Active","H Pb A P ","62, ","0.5, ","3.68 x 1.60 x 1.17, ","SOD-123 ","1 ","260 ","0.0431 ",
"SZMMSZ5254BT1G","Active","H Pb A P ","27, ","0.5, ","3.68 x 1.60 x 1.17, ","SOD-123 ","1 ","260 ","0.0431 ",
"SZMMSZ5232CT1G","Active","H Pb A P ","5.6, ","0.5, ","3.68 x 1.60 x 1.17, ","SOD-123 ","1 ","260 ","0.0395 ",
"SZMMSZ5245BT1G","Active","H Pb A P ","15, ","0.5, ","3.68 x 1.60 x 1.17, ","SOD-123 ","1 ","260 ","0.0431 ",
"SZMMSZ5239BT1G","Active","H Pb A P ","9.1, ","0.5, ","3.68 x 1.60 x 1.17, ","SOD-123 ","1 ","260 ","0.0431 ",
"SZMMSZ5267BT1G","Active","H Pb A P ","75, ","0.5, ","3.68 x 1.60 x 1.17, ","SOD-123 ","1 ","260 ","0.0431 ",
"SZMMSZ5252BT1G","Active","H Pb A P ","24, ","0.5, ","3.68 x 1.60 x 1.17, ","SOD-123 ","1 ","260 ","0.0431 ",
"SZMMSZ5228BT1G","Active","H Pb A P ","3.9, ","0.5, ","3.68 x 1.60 x 1.17, ","SOD-123 ","1 ","260 ","0.0293 ",
"SZMMSZ5243BT1G","Active","H Pb A P ","13, ","0.5, ","3.68 x 1.60 x 1.17, ","SOD-123 ","1 ","260 ","0.0372 ",
"SZMMSZ5258BT1G","Active","H Pb A P ","36, ","0.5, ","3.68 x 1.60 x 1.17, ","SOD-123 ","1 ","260 ","0.0431 ",
"SZMMSZ5258BT3G","Active","H Pb A P ","36, ","0.5, ","3.68 x 1.60 x 1.17, ","SOD-123 ","1 ","260 ","0.0293 ",
"SZMMSZ5256BT1G","Active","H Pb A P ","30, ","0.5, ","3.68 x 1.60 x 1.17, ","SOD-123 ","1 ","260 ","0.0431 ",
"SZMMSZ5241BT1G","Active","H Pb A P ","11, ","0.5, ","3.68 x 1.60 x 1.17, ","SOD-123 ","1 ","260 ","0.0431 ",
"SZMMSZ5245BT3","Consult Sales Office","  A P ","-, ","-, ","3.68 x 1.60 x 1.17, ","SOD-123 ","1 ","235 ","0.0 ",
"NZ8F33VMX2WT5G","Active","H Pb   ","33, ","0.25, ","1.00 x 0.60 x 0.37, ","X2DFNW2 ","1 ","260 ","0.0479 ",
"NZ8F2V7MX2WT5G","Active","H Pb   ","2.7, ","0.25, ","1.00 x 0.60 x 0.37, ","X2DFNW2 ","1 ","260 ","0.0269 ",
"SZNZ8F27VMX2WT5G","Active","H Pb A P ","27, ","0.25, ","1.00 x 0.60 x 0.37, ","X2DFNW2 ","1 ","260 ","0.0551 ",
"SZNZ8F33VMX2WT5G","Active","H Pb A P ","33, ","0.25, ","1.00 x 0.60 x 0.37, ","X2DFNW2 ","1 ","260 ","0.0551 ",
"NZ8F11VMX2WT5G","Active","H Pb   ","11, ","0.25, ","1.00 x 0.60 x 0.37, ","X2DFNW2 ","1 ","260 ","0.0479 ",
"NZ8F47VSMX2WT5G","Active","H Pb   ","47, ","0.25, ","1.00 x 0.60 x 0.37, ","X2DFNW2 ","1 ","260 ","0.0527 ",
"NZ8F2V4MX2WT5G","Active","H Pb   ","2.4, ","0.25, ","1.00 x 0.60 x 0.37, ","X2DFNW2 ","1 ","260 ","0.0269 ",
"NZ8F8V2SMX2WT5G","Active","H Pb   ","8.2, ","0.25, ","1.00 x 0.60 x 0.37, ","X2DFNW2 ","1 ","260 ","0.0287 ",
"NZ8F27VMX2WT5G","Active","H Pb   ","27, ","0.25, ","1.00 x 0.60 x 0.37, ","X2DFNW2 ","1 ","260 ","0.0479 ",
"SZNZ8F16VSMX2WT5G","Active","H Pb A P ","16, ","0.25, ","1.00 x 0.60 x 0.37, ","X2DFNW2 ","1 ","260 ","0.0605 ",
"NZ8F13VSMX2WT5G","Active","H Pb   ","13, ","0.25, ","1.00 x 0.60 x 0.37, ","X2DFNW2 ","1 ","260 ","0.0527 ",
"SZNZ8F11VMX2WT5G","Active","H Pb A P ","11, ","0.25, ","1.00 x 0.60 x 0.37, ","X2DFNW2 ","1 ","260 ","0.0551 ",
"NZ8F20VMX2WT5G","Active","H Pb   ","20, ","0.25, ","1.00 x 0.60 x 0.37, ","X2DFNW2 ","1 ","260 ","0.0479 ",
"SZNZ8F18VMX2WT5G","Active","H Pb A P ","18, ","0.25, ","1.00 x 0.60 x 0.37, ","X2DFNW2 ","1 ","260 ","0.0551 ",
"NZ8F33VSMX2WT5G","Active","H Pb   ","33, ","0.25, ","1.00 x 0.60 x 0.37, ","X2DFNW2 ","1 ","260 ","0.0527 ",
"SZNZ8F20VSMX2WT5G","Active","H Pb A P ","20, ","0.25, ","1.00 x 0.60 x 0.37, ","X2DFNW2 ","1 ","260 ","0.0605 ",
"SZNZ8F5V6MX2WT5G","Active","H Pb A P ","5.6, ","0.25, ","1.00 x 0.60 x 0.37, ","X2DFNW2 ","1 ","260 ","0.0287 ",
"SZNZ8F3V0SMX2WT5G","Active","H Pb A P ","3, ","0.25, ","1.00 x 0.60 x 0.37, ","X2DFNW2 ","1 ","260 ","0.0308 ",
"NZ8F4V7SMX2WT5G","Active","H Pb   ","4.7, ","0.25, ","1.00 x 0.60 x 0.37, ","X2DFNW2 ","1 ","260 ","0.0287 ",
"NZ8F7V5SMX2WT5G","Active","H Pb   ","7.5, ","0.25, ","1.00 x 0.60 x 0.37, ","X2DFNW2 ","1 ","260 ","0.0287 ",
"SZNZ8F24VMX2WT5G","Active","H Pb A P ","24, ","0.25, ","1.00 x 0.60 x 0.37, ","X2DFNW2 ","1 ","260 ","0.0551 ",
"SZNZ8F10VSMX2WT5G","Active","H Pb A P ","10, ","0.25, ","1.00 x 0.60 x 0.37, ","X2DFNW2 ","1 ","260 ","0.0605 ",
"NZ8F15VMX2WT5G","Active","H Pb   ","15, ","0.25, ","1.00 x 0.60 x 0.37, ","X2DFNW2 ","1 ","260 ","0.0479 ",
"NZ8F2V7SMX2WT5G","Active","H Pb   ","2.7, ","0.25, ","1.00 x 0.60 x 0.37, ","X2DFNW2 ","1 ","260 ","0.0287 ",
"SZNZ8F6V8SMX2WT5G","Active","H Pb A P ","6.8, ","0.25, ","1.00 x 0.60 x 0.37, ","X2DFNW2 ","1 ","260 ","0.0308 ",
"NZ8F9V1SMX2WT5G","Active","H Pb   ","9.1, ","0.25, ","1.00 x 0.60 x 0.37, ","X2DFNW2 ","1 ","260 ","0.0287 ",
"NZ8F2V4SMX2WT5G","Active","H Pb   ","2.4, ","0.25, ","1.00 x 0.60 x 0.37, ","X2DFNW2 ","1 ","260 ","0.0287 ",
"NZ8F4V3SMX2WT5G","Active","H Pb   ","4.3, ","0.25, ","1.00 x 0.60 x 0.37, ","X2DFNW2 ","1 ","260 ","0.0287 ",
"SZNZ8F5V1SMX2WT5G","Active","H Pb A P ","5.1, ","0.25, ","1.00 x 0.60 x 0.37, ","X2DFNW2 ","1 ","260 ","0.0308 ",
"NZ8F10VSMX2WT5G","Active","H Pb   ","10, ","0.25, ","1.00 x 0.60 x 0.37, ","X2DFNW2 ","1 ","260 ","0.0527 ",
"SZNZ8F9V1SMX2WT5G","Active","H Pb A P ","9.1, ","0.25, ","1.00 x 0.60 x 0.37, ","X2DFNW2 ","1 ","260 ","0.0483 ",
"SZNZ8F6V2MX2WT5G","Active","H Pb A P ","6.2, ","0.25, ","1.00 x 0.60 x 0.37, ","X2DFNW2 ","1 ","260 ","0.0483 ",
"SZNZ8F15VMX2WT5G","Active","H Pb A P ","15, ","0.25, ","1.00 x 0.60 x 0.37, ","X2DFNW2 ","1 ","260 ","0.0551 ",
"SZNZ8F4V3SMX2WT5G","Active","H Pb A P ","4.3, ","0.25, ","1.00 x 0.60 x 0.37, ","X2DFNW2 ","1 ","260 ","0.0308 ",
"NZ8F6V8SMX2WT5G","Active","H Pb   ","6.8, ","0.25, ","1.00 x 0.60 x 0.37, ","X2DFNW2 ","1 ","260 ","0.0287 ",
"SZNZ8F2V4SMX2WT5G","Active","H Pb A P ","2.4, ","0.25, ","1.00 x 0.60 x 0.37, ","X2DFNW2 ","1 ","260 ","0.0308 ",
"SZNZ8F2V4MX2WT5G","Active","H Pb A P ","2.4, ","0.25, ","1.00 x 0.60 x 0.37, ","X2DFNW2 ","1 ","260 ","0.0287 ",
"SZNZ8F11VSMX2WT5G","Active","H Pb A P ","11, ","0.25, ","1.00 x 0.60 x 0.37, ","X2DFNW2 ","1 ","260 ","0.0605 ",
"NZ8F3V0MX2WT5G","Active","H Pb   ","3, ","0.25, ","1.00 x 0.60 x 0.37, ","X2DFNW2 ","1 ","260 ","0.0269 ",
"NZ8F24VMX2WT5G","Active","H Pb   ","24, ","0.25, ","1.00 x 0.60 x 0.37, ","X2DFNW2 ","1 ","260 ","0.0479 ",
"NZ8F22VSMX2WT5G","Active","H Pb   ","22, ","0.25, ","1.00 x 0.60 x 0.37, ","X2DFNW2 ","1 ","260 ","0.0527 ",
"NZ8F3V3MX2WT5G","Active","H Pb   ","3.3, ","0.25, ","1.00 x 0.60 x 0.37, ","X2DFNW2 ","1 ","260 ","0.0305 ",
"NZ8F3V6SMX2WT5G","Active","H Pb   ","3.6, ","0.25, ","1.00 x 0.60 x 0.37, ","X2DFNW2 ","1 ","260 ","0.0287 ",
"SZNZ8F5V6SMX2WT5G","Active","H Pb A P ","5.6, ","0.25, ","1.00 x 0.60 x 0.37, ","X2DFNW2 ","1 ","260 ","0.0483 ",
"SZNZ8F2V7MX2WT5G","Active","H Pb A P ","2.7, ","0.25, ","1.00 x 0.60 x 0.37, ","X2DFNW2 ","1 ","260 ","0.0287 ",
"NZ8F5V1MX2WT5G","Active","H Pb   ","5.1, ","0.25, ","1.00 x 0.60 x 0.37, ","X2DFNW2 ","1 ","260 ","0.0305 ",
"SZNZ8F3V6MX2WT5G","Active","H Pb A P ","3.6, ","0.25, ","1.00 x 0.60 x 0.37, ","X2DFNW2 ","1 ","260 ","0.0287 ",
"NZ8F5V6SMX2WT5G","Active","H Pb   ","5.6, ","0.25, ","1.00 x 0.60 x 0.37, ","X2DFNW2 ","1 ","260 ","0.0287 ",
"SZNZ8F3V6SMX2WT5G","Active","H Pb A P ","3.6, ","0.25, ","1.00 x 0.60 x 0.37, ","X2DFNW2 ","1 ","260 ","0.0308 ",
"NZ8F5V1SMX2WT5G","Active","H Pb   ","5.1, ","0.25, ","1.00 x 0.60 x 0.37, ","X2DFNW2 ","1 ","260 ","0.0287 ",
"NZ8F16VSMX2WT5G","Active","H Pb   ","16, ","0.25, ","1.00 x 0.60 x 0.37, ","X2DFNW2 ","1 ","260 ","0.0527 ",
"SZNZ8F18VSMX2WT5G","Active","H Pb A P ","18, ","0.25, ","1.00 x 0.60 x 0.37, ","X2DFNW2 ","1 ","260 ","0.0605 ",
"NZ8F11VSMX2WT5G","Active","H Pb   ","11, ","0.25, ","1.00 x 0.60 x 0.37, ","X2DFNW2 ","1 ","260 ","0.0527 ",
"SZNZ8F13VSMX2WT5G","Active","H Pb A P ","13, ","0.25, ","1.00 x 0.60 x 0.37, ","X2DFNW2 ","1 ","260 ","0.0605 ",
"NZ8F6V8MX2WT5G","Active","H Pb   ","6.8, ","0.25, ","1.00 x 0.60 x 0.37, ","X2DFNW2 ","1 ","260 ","0.0305 ",
"SZNZ8F8V2SMX2WT5G","Active","H Pb A P ","8.2, ","0.25, ","1.00 x 0.60 x 0.37, ","X2DFNW2 ","1 ","260 ","0.0308 ",
"SZNZ8F47VMX2WT5G","Active","H Pb A P ","47, ","0.25, ","1.00 x 0.60 x 0.37, ","X2DFNW2 ","1 ","260 ","0.0551 ",
"SZNZ8F16VMX2WT5G","Active","H Pb A P ","16, ","0.25, ","1.00 x 0.60 x 0.37, ","X2DFNW2 ","1 ","260 ","0.0551 ",
"NZ8F47VMX2WT5G","Active","H Pb   ","47, ","0.25, ","1.00 x 0.60 x 0.37, ","X2DFNW2 ","1 ","260 ","0.0479 ",
"NZ8F3V6MX2WT5G","Active","H Pb   ","3.6, ","0.25, ","1.00 x 0.60 x 0.37, ","X2DFNW2 ","1 ","260 ","0.0269 ",
"SZNZ8F3V9MX2WT5G","Active","H Pb A P ","3.9, ","0.25, ","1.00 x 0.60 x 0.37, ","X2DFNW2 ","1 ","260 ","0.0287 ",
"SZNZ8F10VMX2WT5G","Active","H Pb A P ","10, ","0.25, ","1.00 x 0.60 x 0.37, ","X2DFNW2 ","1 ","260 ","0.0551 ",
"NZ8F3V9SMX2WT5G","Active","H Pb   ","3.9, ","0.25, ","1.00 x 0.60 x 0.37, ","X2DFNW2 ","1 ","260 ","0.0287 ",
"SZNZ8F22VMX2WT5G","Active","H Pb A P ","22, ","0.25, ","1.00 x 0.60 x 0.37, ","X2DFNW2 ","1 ","260 ","0.0551 ",
"SZNZ8F7V5MX2WT5G","Active","H Pb A P ","7.5, ","0.25, ","1.00 x 0.60 x 0.37, ","X2DFNW2 ","1 ","260 ","0.0483 ",
"SZNZ8F6V8MX2WT5G","Active","H Pb A P ","6.8, ","0.25, ","1.00 x 0.60 x 0.37, ","X2DFNW2 ","1 ","260 ","0.0483 ",
"NZ8F16VMX2WT5G","Active","H Pb   ","16, ","0.25, ","1.00 x 0.60 x 0.37, ","X2DFNW2 ","1 ","260 ","0.0479 ",
"SZNZ8F22VSMX2WT5G","Active","H Pb A P ","22, ","0.25, ","1.00 x 0.60 x 0.37, ","X2DFNW2 ","1 ","260 ","0.0605 ",
"SZNZ8F27VSMX2WT5G","Active","H Pb A P ","27, ","0.25, ","1.00 x 0.60 x 0.37, ","X2DFNW2 ","1 ","260 ","0.0605 ",
"NZ8F7V5MX2WT5G","Active","H Pb   ","7.5, ","0.25, ","1.00 x 0.60 x 0.37, ","X2DFNW2 ","1 ","260 ","0.0269 ",
"NZ8F22VMX2WT5G","Active","H Pb   ","22, ","0.25, ","1.00 x 0.60 x 0.37, ","X2DFNW2 ","1 ","260 ","0.0479 ",
"NZ8F10VMX2WT5G","Active","H Pb   ","10, ","0.25, ","1.00 x 0.60 x 0.37, ","X2DFNW2 ","1 ","260 ","0.0479 ",
"SZNZ8F7V5SMX2WT5G","Active","H Pb A P ","7.5, ","0.25, ","1.00 x 0.60 x 0.37, ","X2DFNW2 ","1 ","260 ","0.0308 ",
"NZ8F4V3MX2WT5G","Active","H Pb   ","4.3, ","0.25, ","1.00 x 0.60 x 0.37, ","X2DFNW2 ","1 ","260 ","0.0269 ",
"SZNZ8F2V7SMX2WT5G","Active","H Pb A P ","2.7, ","0.25, ","1.00 x 0.60 x 0.37, ","X2DFNW2 ","1 ","260 ","0.0308 ",
"SZNZ8F3V3MX2WT5G","Active","H Pb A P ","3.3, ","0.25, ","1.00 x 0.60 x 0.37, ","X2DFNW2 ","1 ","260 ","0.0483 ",
"NZ8F3V0SMX2WT5G","Active","H Pb   ","3, ","0.25, ","1.00 x 0.60 x 0.37, ","X2DFNW2 ","1 ","260 ","0.0287 ",
"NZ8F6V2SMX2WT5G","Active","H Pb   ","6.2, ","0.25, ","1.00 x 0.60 x 0.37, ","X2DFNW2 ","1 ","260 ","0.0287 ",
"SZNZ8F4V7MX2WT5G","Active","H Pb A P ","4.7, ","0.25, ","1.00 x 0.60 x 0.37, ","X2DFNW2 ","1 ","260 ","0.0287 ",
"SZNZ8F4V7SMX2WT5G","Active","H Pb A P ","4.7, ","0.25, ","1.00 x 0.60 x 0.37, ","X2DFNW2 ","1 ","260 ","0.0308 ",
"NZ8F20VSMX2WT5G","Active","H Pb   ","20, ","0.25, ","1.00 x 0.60 x 0.37, ","X2DFNW2 ","1 ","260 ","0.0527 ",
"NZ8F3V9MX2WT5G","Active","H Pb   ","3.9, ","0.25, ","1.00 x 0.60 x 0.37, ","X2DFNW2 ","1 ","260 ","0.0269 ",
"SZNZ8F3V0MX2WT5G","Active","H Pb A P ","3, ","0.25, ","1.00 x 0.60 x 0.37, ","X2DFNW2 ","1 ","260 ","0.0287 ",
"SZNZ8F13VMX2WT5G","Active","H Pb A P ","13, ","0.25, ","1.00 x 0.60 x 0.37, ","X2DFNW2 ","1 ","260 ","0.0551 ",
"SZNZ8F5V1MX2WT5G","Active","H Pb A P ","5.1, ","0.25, ","1.00 x 0.60 x 0.37, ","X2DFNW2 ","1 ","260 ","0.0483 ",
"NZ8F18VMX2WT5G","Active","H Pb   ","18, ","0.25, ","1.00 x 0.60 x 0.37, ","X2DFNW2 ","1 ","260 ","0.0479 ",
"NZ8F9V1MX2WT5G","Active","H Pb   ","9.1, ","0.25, ","1.00 x 0.60 x 0.37, ","X2DFNW2 ","1 ","260 ","0.0269 ",
"NZ8F12VMX2WT5G","Active","H Pb   ","12, ","0.25, ","1.00 x 0.60 x 0.37, ","X2DFNW2 ","1 ","260 ","0.0479 ",
"SZNZ8F33VSMX2WT5G","Active","H Pb A P ","33, ","0.25, ","1.00 x 0.60 x 0.37, ","X2DFNW2 ","1 ","260 ","0.0605 ",
"SZNZ8F20VMX2WT5G","Active","H Pb A P ","20, ","0.25, ","1.00 x 0.60 x 0.37, ","X2DFNW2 ","1 ","260 ","0.0551 ",
"NZ8F8V2MX2WT5G","Active","H Pb   ","8.2, ","0.25, ","1.00 x 0.60 x 0.37, ","X2DFNW2 ","1 ","260 ","0.0269 ",
"SZNZ8F9V1MX2WT5G","Active","H Pb A P ","9.1, ","0.25, ","1.00 x 0.60 x 0.37, ","X2DFNW2 ","1 ","260 ","0.0287 ",
"SZNZ8F12VSMX2WT5G","Active","H Pb A P ","12, ","0.25, ","1.00 x 0.60 x 0.37, ","X2DFNW2 ","1 ","260 ","0.0605 ",
"SZNZ8F3V3SMX2WT5G","Active","H Pb A P ","3.3, ","0.25, ","1.00 x 0.60 x 0.37, ","X2DFNW2 ","1 ","260 ","0.0308 ",
"NZ8F27VSMX2WT5G","Active","H Pb   ","27, ","0.25, ","1.00 x 0.60 x 0.37, ","X2DFNW2 ","1 ","260 ","0.0527 ",
"SZNZ8F3V9SMX2WT5G","Active","H Pb A P ","3.9, ","0.25, ","1.00 x 0.60 x 0.37, ","X2DFNW2 ","1 ","260 ","0.0308 ",
"NZ8F6V2MX2WT5G","Active","H Pb   ","6.2, ","0.25, ","1.00 x 0.60 x 0.37, ","X2DFNW2 ","1 ","260 ","0.0269 ",
"NZ8F24VSMX2WT5G","Active","H Pb   ","24, ","0.25, ","1.00 x 0.60 x 0.37, ","X2DFNW2 ","1 ","260 ","0.0527 ",
"SZNZ8F6V2SMX2WT5G","Active","H Pb A P ","6.2, ","0.25, ","1.00 x 0.60 x 0.37, ","X2DFNW2 ","1 ","260 ","0.0308 ",
"NZ8F4V7MX2WT5G","Active","H Pb   ","4.7, ","0.25, ","1.00 x 0.60 x 0.37, ","X2DFNW2 ","1 ","260 ","0.0305 ",
"SZNZ8F24VSMX2WT5G","Active","H Pb A P ","24, ","0.25, ","1.00 x 0.60 x 0.37, ","X2DFNW2 ","1 ","260 ","0.0605 ",
"NZ8F3V3SMX2WT5G","Active","H Pb   ","3.3, ","0.25, ","1.00 x 0.60 x 0.37, ","X2DFNW2 ","1 ","260 ","0.0287 ",
"SZNZ8F15VSMX2WT5G","Active","H Pb A P ","15, ","0.25, ","1.00 x 0.60 x 0.37, ","X2DFNW2 ","1 ","260 ","0.0605 ",
"SZNZ8F47VSMX2WT5G","Active","H Pb A P ","47, ","0.25, ","1.00 x 0.60 x 0.37, ","X2DFNW2 ","1 ","260 ","0.0605 ",
"SZNZ8F8V2MX2WT5G","Active","H Pb A P ","8.2, ","0.25, ","1.00 x 0.60 x 0.37, ","X2DFNW2 ","1 ","260 ","0.0287 ",
"SZNZ8F12VMX2WT5G","Active","H Pb A P ","12, ","0.25, ","1.00 x 0.60 x 0.37, ","X2DFNW2 ","1 ","260 ","0.0551 ",
"NZ8F13VMX2WT5G","Active","H Pb   ","13, ","0.25, ","1.00 x 0.60 x 0.37, ","X2DFNW2 ","1 ","260 ","0.0479 ",
"NZ8F12VSMX2WT5G","Active","H Pb   ","12, ","0.25, ","1.00 x 0.60 x 0.37, ","X2DFNW2 ","1 ","260 ","0.0527 ",
"NZ8F18VSMX2WT5G","Active","H Pb   ","18, ","0.25, ","1.00 x 0.60 x 0.37, ","X2DFNW2 ","1 ","260 ","0.0527 ",
"NZ8F15VSMX2WT5G","Active","H Pb   ","15, ","0.25, ","1.00 x 0.60 x 0.37, ","X2DFNW2 ","1 ","260 ","0.0527 ",
"SZNZ8F4V3MX2WT5G","Active","H Pb A P ","4.3, ","0.25, ","1.00 x 0.60 x 0.37, ","X2DFNW2 ","1 ","260 ","0.0287 ",
"NZ8F5V6MX2WT5G","Active","H Pb   ","5.6, ","0.25, ","1.00 x 0.60 x 0.37, ","X2DFNW2 ","1 ","260 ","0.0269 ",
